date,station,special,first,second,third,fourth,fifth,sixth,seventh,eighth
2026-04-04,04/04/2026,573173,27610,73424,"76996, 87394","32471, 27979, 19769, 73052, 16073, 87115, 14516",5013,"6802, 5508, 0912",577,70
2026-04-04,Bình Định,932159,46129,40579,"98932, 49389","51219, 04981, 51348, 06961, 71433, 20481, 20702",6343,"6737, 1307, 6912",785,74
2026-04-04,Gia Lai,579069,79883,03107,"65787, 42561","65314, 51526, 80905, 08996, 45800, 77167, 87511",0883,"9309, 6099, 8091",881,37
2026-04-04,Ninh Thuận,054553,23815,55021,"02037, 77341","85968, 01658, 10663, 98675, 12665, 04524, 16129",7769,"5795, 0634, 1773",756,04
2026-04-04,Quảng Bình,775098,38282,14768,"00470, 59471","44184, 89577, 10383, 29563, 19108, 24420, 00618",4637,"6360, 7112, 5230",464,21
2026-04-04,Quảng Ngãi,306938,06784,14171,"43027, 83706","72225, 31498, 72047, 67541, 83385, 09006, 40673",1124,"5724, 3719, 5834",237,01
2026-04-04,Quảng Trị,358418,82739,57569,"36796, 59236","75718, 98086, 37857, 93425, 31887, 48317, 82656",5625,"4120, 9959, 9393",214,09
2026-04-04,Đà Nẵng,295755,62877,63911,"82551, 90730","03045, 21728, 58966, 07610, 26302, 85002, 70935",3487,"3118, 9747, 4966",672,80
2026-04-05,04/04/2026,573173,27610,73424,"76996, 87394","32471, 27979, 19769, 73052, 16073, 87115, 14516",5013,"6802, 5508, 0912",577,70
2026-04-05,05/04/2026,507554,37001,77219,"69767, 71524","07594, 62512, 61935, 38551, 07784, 05015, 32584",9877,"1057, 1825, 4067",413,70
2026-04-05,Gia Lai,579069,79883,03107,"65787, 42561","65314, 51526, 80905, 08996, 45800, 77167, 87511",0883,"9309, 6099, 8091",881,37
2026-04-05,Khánh Hòa,106834,47288,84197,"73839, 34242","10028, 57691, 31553, 82736, 79660, 77093, 71074",1146,"3501, 8515, 3974",075,22
2026-04-05,Kon Tum,003667,16646,48895,"99111, 55025","48925, 88747, 12197, 64812, 81825, 46351, 45638",7027,"9361, 7270, 0125",433,12
2026-04-05,Ninh Thuận,054553,23815,55021,"02037, 77341","85968, 01658, 10663, 98675, 12665, 04524, 16129",7769,"5795, 0634, 1773",756,04
2026-04-05,Quảng Ngãi,306938,06784,14171,"43027, 83706","72225, 31498, 72047, 67541, 83385, 09006, 40673",1124,"5724, 3719, 5834",237,01
2026-04-05,Đà Nẵng,295755,62877,63911,"82551, 90730","03045, 21728, 58966, 07610, 26302, 85002, 70935",3487,"3118, 9747, 4966",672,80
2026-04-06,04/04/2026,573173,27610,73424,"76996, 87394","32471, 27979, 19769, 73052, 16073, 87115, 14516",5013,"6802, 5508, 0912",577,70
2026-04-06,05/04/2026,507554,37001,77219,"69767, 71524","07594, 62512, 61935, 38551, 07784, 05015, 32584",9877,"1057, 1825, 4067",413,70
2026-04-06,06/04/2026,303904,09486,10657,"17418, 84124","40493, 27308, 99224, 47021, 12204, 59724, 59624",7721,"2332, 7586, 6707",526,95
2026-04-06,Gia Lai,579069,79883,03107,"65787, 42561","65314, 51526, 80905, 08996, 45800, 77167, 87511",0883,"9309, 6099, 8091",881,37
2026-04-06,Khánh Hòa,106834,47288,84197,"73839, 34242","10028, 57691, 31553, 82736, 79660, 77093, 71074",1146,"3501, 8515, 3974",075,22
2026-04-06,Kon Tum,003667,16646,48895,"99111, 55025","48925, 88747, 12197, 64812, 81825, 46351, 45638",7027,"9361, 7270, 0125",433,12
2026-04-06,Ninh Thuận,054553,23815,55021,"02037, 77341","85968, 01658, 10663, 98675, 12665, 04524, 16129",7769,"5795, 0634, 1773",756,04
2026-04-06,Phú Yên,840838,38414,13378,"26392, 21102","69498, 88089, 56281, 66294, 22790, 40588, 87946",9135,"4516, 2153, 5657",108,83
2026-04-06,Quảng Ngãi,306938,06784,14171,"43027, 83706","72225, 31498, 72047, 67541, 83385, 09006, 40673",1124,"5724, 3719, 5834",237,01
2026-04-06,Đà Nẵng,295755,62877,63911,"82551, 90730","03045, 21728, 58966, 07610, 26302, 85002, 70935",3487,"3118, 9747, 4966",672,80
2026-04-07,05/04/2026,507554,37001,77219,"69767, 71524","07594, 62512, 61935, 38551, 07784, 05015, 32584",9877,"1057, 1825, 4067",413,70
2026-04-07,06/04/2026,303904,09486,10657,"17418, 84124","40493, 27308, 99224, 47021, 12204, 59724, 59624",7721,"2332, 7586, 6707",526,95
2026-04-07,Khánh Hòa,106834,47288,84197,"73839, 34242","10028, 57691, 31553, 82736, 79660, 77093, 71074",1146,"3501, 8515, 3974",075,22
2026-04-07,Kon Tum,003667,16646,48895,"99111, 55025","48925, 88747, 12197, 64812, 81825, 46351, 45638",7027,"9361, 7270, 0125",433,12
2026-04-07,Phú Yên,840838,38414,13378,"26392, 21102","69498, 88089, 56281, 66294, 22790, 40588, 87946",9135,"4516, 2153, 5657",108,83
2026-04-07,Quảng Nam,748229,03088,12963,"76676, 88176","47237, 81249, 19309, 39610, 58013, 04987, 73268",2624,"7850, 6305, 8896",232,33
2026-04-07,Đắk Lắk,031631,87802,11663,"54677, 33913","66231, 19930, 72717, 77765, 73940, 86582, 55059",3108,"0944, 6936, 9673",937,73
2026-04-08,06/04/2026,303904,09486,10657,"17418, 84124","40493, 27308, 99224, 47021, 12204, 59724, 59624",7721,"2332, 7586, 6707",526,95
2026-04-08,Khánh Hòa,732501,00392,14837,"15567, 85488","72175, 23412, 90076, 15311, 53934, 89420, 68512",2307,"3016, 1887, 1983",043,07
2026-04-08,Phú Yên,840838,38414,13378,"26392, 21102","69498, 88089, 56281, 66294, 22790, 40588, 87946",9135,"4516, 2153, 5657",108,83
2026-04-08,Quảng Nam,748229,03088,12963,"76676, 88176","47237, 81249, 19309, 39610, 58013, 04987, 73268",2624,"7850, 6305, 8896",232,33
2026-04-08,Đà Nẵng,765097,87078,96422,"60459, 46165","75023, 10802, 25302, 11923, 03462, 53268, 26717",5767,"1574, 4984, 6022",678,35
2026-04-08,Đắk Lắk,031631,87802,11663,"54677, 33913","66231, 19930, 72717, 77765, 73940, 86582, 55059",3108,"0944, 6936, 9673",937,73
2026-04-09,Bình Định,826200,31844,78252,"07647, 19911","50645, 09034, 96986, 15998, 35120, 23861, 66863",4919,"8737, 8289, 7420",434,62
2026-04-09,Khánh Hòa,732501,00392,14837,"15567, 85488","72175, 23412, 90076, 15311, 53934, 89420, 68512",2307,"3016, 1887, 1983",043,07
2026-04-09,Quảng Bình,009140,15524,45203,"39651, 22915","58184, 08895, 51419, 52683, 21671, 25230, 44253",2174,"7182, 3423, 3097",234,16
2026-04-09,Quảng Nam,748229,03088,12963,"76676, 88176","47237, 81249, 19309, 39610, 58013, 04987, 73268",2624,"7850, 6305, 8896",232,33
2026-04-09,Quảng Trị,546768,42228,19014,"05658, 88936","79707, 31121, 78934, 39438, 52285, 52414, 20405",9089,"5471, 1032, 8839",904,34
2026-04-09,Đà Nẵng,765097,87078,96422,"60459, 46165","75023, 10802, 25302, 11923, 03462, 53268, 26717",5767,"1574, 4984, 6022",678,35
2026-04-09,Đắk Lắk,031631,87802,11663,"54677, 33913","66231, 19930, 72717, 77765, 73940, 86582, 55059",3108,"0944, 6936, 9673",937,73
2026-04-10,Bình Định,826200,31844,78252,"07647, 19911","50645, 09034, 96986, 15998, 35120, 23861, 66863",4919,"8737, 8289, 7420",434,62
2026-04-10,Gia Lai,588200,48159,91801,"78227, 11096","58520, 67271, 04551, 77371, 24367, 64838, 55695",4977,"6216, 3930, 8330",487,97
2026-04-10,Khánh Hòa,732501,00392,14837,"15567, 85488","72175, 23412, 90076, 15311, 53934, 89420, 68512",2307,"3016, 1887, 1983",043,07
2026-04-10,Ninh Thuận,421355,73862,03460,"89310, 90304","90889, 08837, 95414, 64204, 17444, 04061, 90971",2839,"7701, 3584, 6874",216,86
2026-04-10,Quảng Bình,009140,15524,45203,"39651, 22915","58184, 08895, 51419, 52683, 21671, 25230, 44253",2174,"7182, 3423, 3097",234,16
2026-04-10,Quảng Trị,546768,42228,19014,"05658, 88936","79707, 31121, 78934, 39438, 52285, 52414, 20405",9089,"5471, 1032, 8839",904,34
2026-04-10,Đà Nẵng,765097,87078,96422,"60459, 46165","75023, 10802, 25302, 11923, 03462, 53268, 26717",5767,"1574, 4984, 6022",678,35
2026-04-11,11/04/2026,578964,39565,29737,"19399, 46221","54780, 06966, 05648, 50663, 35232, 62458, 13145",5415,"5697, 3979, 0247",276,48
2026-04-11,Bình Định,826200,31844,78252,"07647, 19911","50645, 09034, 96986, 15998, 35120, 23861, 66863",4919,"8737, 8289, 7420",434,62
2026-04-11,Gia Lai,588200,48159,91801,"78227, 11096","58520, 67271, 04551, 77371, 24367, 64838, 55695",4977,"6216, 3930, 8330",487,97
2026-04-11,Ninh Thuận,421355,73862,03460,"89310, 90304","90889, 08837, 95414, 64204, 17444, 04061, 90971",2839,"7701, 3584, 6874",216,86
2026-04-11,Quảng Bình,009140,15524,45203,"39651, 22915","58184, 08895, 51419, 52683, 21671, 25230, 44253",2174,"7182, 3423, 3097",234,16
2026-04-11,Quảng Ngãi,443100,56417,17067,"81836, 27678","85123, 95943, 11346, 01179, 94971, 02466, 35331",7230,"1871, 7291, 3119",119,92
2026-04-11,Quảng Trị,546768,42228,19014,"05658, 88936","79707, 31121, 78934, 39438, 52285, 52414, 20405",9089,"5471, 1032, 8839",904,34
2026-04-11,Đà Nẵng,115128,48155,25851,"95122, 79489","85940, 85075, 03108, 10504, 37323, 62007, 23832",4741,"8003, 5666, 3806",190,12
2026-04-12,11/04/2026,578964,39565,29737,"19399, 46221","54780, 06966, 05648, 50663, 35232, 62458, 13145",5415,"5697, 3979, 0247",276,48
2026-04-12,12/04/2026,878653,29371,63011,"87746, 73391","17701, 82340, 46935, 23528, 96803, 47018, 65014",9862,"7861, 4841, 0910",175,03
2026-04-12,Gia Lai,588200,48159,91801,"78227, 11096","58520, 67271, 04551, 77371, 24367, 64838, 55695",4977,"6216, 3930, 8330",487,97
2026-04-12,Khánh Hòa,243524,70476,99482,"76867, 76983","19849, 01141, 05077, 86647, 30039, 85452, 68814",9817,"6469, 0928, 9060",467,24
2026-04-12,Kon Tum,259939,22283,78002,"54335, 63721","27982, 16712, 95942, 85278, 75090, 84557, 31846",7130,"4855, 5784, 3606",183,39
2026-04-12,Ninh Thuận,421355,73862,03460,"89310, 90304","90889, 08837, 95414, 64204, 17444, 04061, 90971",2839,"7701, 3584, 6874",216,86
2026-04-12,Quảng Ngãi,443100,56417,17067,"81836, 27678","85123, 95943, 11346, 01179, 94971, 02466, 35331",7230,"1871, 7291, 3119",119,92
2026-04-12,Đà Nẵng,115128,48155,25851,"95122, 79489","85940, 85075, 03108, 10504, 37323, 62007, 23832",4741,"8003, 5666, 3806",190,12
2026-04-13,11/04/2026,578964,39565,29737,"19399, 46221","54780, 06966, 05648, 50663, 35232, 62458, 13145",5415,"5697, 3979, 0247",276,48
2026-04-13,12/04/2026,878653,29371,63011,"87746, 73391","17701, 82340, 46935, 23528, 96803, 47018, 65014",9862,"7861, 4841, 0910",175,03
2026-04-13,13/04/2026,705900,17913,05319,"80514, 80333","29666, 95969, 28143, 87122, 87282, 96264, 83985",0260,"5351, 1560, 4074",412,04
2026-04-13,Khánh Hòa,243524,70476,99482,"76867, 76983","19849, 01141, 05077, 86647, 30039, 85452, 68814",9817,"6469, 0928, 9060",467,24
2026-04-13,Kon Tum,259939,22283,78002,"54335, 63721","27982, 16712, 95942, 85278, 75090, 84557, 31846",7130,"4855, 5784, 3606",183,39
2026-04-13,Phú Yên,524115,24327,34106,"72830, 41721","33389, 92805, 37388, 49181, 23090, 12159, 54579",0962,"2329, 1942, 8380",847,80
2026-04-13,Quảng Ngãi,443100,56417,17067,"81836, 27678","85123, 95943, 11346, 01179, 94971, 02466, 35331",7230,"1871, 7291, 3119",119,92
2026-04-13,Đà Nẵng,115128,48155,25851,"95122, 79489","85940, 85075, 03108, 10504, 37323, 62007, 23832",4741,"8003, 5666, 3806",190,12
2026-04-14,12/04/2026,878653,29371,63011,"87746, 73391","17701, 82340, 46935, 23528, 96803, 47018, 65014",9862,"7861, 4841, 0910",175,03
2026-04-14,13/04/2026,705900,17913,05319,"80514, 80333","29666, 95969, 28143, 87122, 87282, 96264, 83985",0260,"5351, 1560, 4074",412,04
2026-04-14,Khánh Hòa,243524,70476,99482,"76867, 76983","19849, 01141, 05077, 86647, 30039, 85452, 68814",9817,"6469, 0928, 9060",467,24
2026-04-14,Kon Tum,259939,22283,78002,"54335, 63721","27982, 16712, 95942, 85278, 75090, 84557, 31846",7130,"4855, 5784, 3606",183,39
2026-04-14,Phú Yên,524115,24327,34106,"72830, 41721","33389, 92805, 37388, 49181, 23090, 12159, 54579",0962,"2329, 1942, 8380",847,80
2026-04-14,Quảng Nam,359577,10198,10783,"99420, 58991","52672, 58248, 86044, 32401, 51839, 91773, 52346",0304,"8921, 7697, 2023",942,75
2026-04-14,Đắk Lắk,426865,67739,86787,"88064, 65078","39353, 26395, 52852, 98629, 64576, 50630, 04830",3376,"8878, 3092, 0961",742,13
2026-04-15,13/04/2026,705900,17913,05319,"80514, 80333","29666, 95969, 28143, 87122, 87282, 96264, 83985",0260,"5351, 1560, 4074",412,04
2026-04-15,Khánh Hòa,665456,22308,67088,"02256, 51834","10783, 26573, 55511, 95617, 94206, 29692, 46252",1402,"3849, 7188, 8671",049,80
2026-04-15,Phú Yên,524115,24327,34106,"72830, 41721","33389, 92805, 37388, 49181, 23090, 12159, 54579",0962,"2329, 1942, 8380",847,80
2026-04-15,Quảng Nam,359577,10198,10783,"99420, 58991","52672, 58248, 86044, 32401, 51839, 91773, 52346",0304,"8921, 7697, 2023",942,75
2026-04-15,Đà Nẵng,424885,45337,15405,"24176, 98352","68967, 66082, 51347, 52280, 37284, 63029, 44449",8685,"4529, 9214, 0629",074,47
2026-04-15,Đắk Lắk,426865,67739,86787,"88064, 65078","39353, 26395, 52852, 98629, 64576, 50630, 04830",3376,"8878, 3092, 0961",742,13
2026-04-16,Bình Định,936497,47148,16121,"14517, 44343","47523, 61985, 84690, 48078, 18519, 83536, 83901",7239,"1979, 5767, 3967",244,55
2026-04-16,Khánh Hòa,665456,22308,67088,"02256, 51834","10783, 26573, 55511, 95617, 94206, 29692, 46252",1402,"3849, 7188, 8671",049,80
2026-04-16,Quảng Bình,188509,76065,93587,"09074, 36235","71557, 23797, 67103, 88198, 99377, 48302, 33891",0826,"8532, 6956, 8289",980,30
2026-04-16,Quảng Nam,359577,10198,10783,"99420, 58991","52672, 58248, 86044, 32401, 51839, 91773, 52346",0304,"8921, 7697, 2023",942,75
2026-04-16,Quảng Trị,451920,61984,02466,"76302, 32986","76834, 92984, 38597, 96284, 41333, 63173, 65834",2200,"2908, 7713, 2383",047,81
2026-04-16,Đà Nẵng,424885,45337,15405,"24176, 98352","68967, 66082, 51347, 52280, 37284, 63029, 44449",8685,"4529, 9214, 0629",074,47
2026-04-16,Đắk Lắk,426865,67739,86787,"88064, 65078","39353, 26395, 52852, 98629, 64576, 50630, 04830",3376,"8878, 3092, 0961",742,13
2026-04-17,Bình Định,936497,47148,16121,"14517, 44343","47523, 61985, 84690, 48078, 18519, 83536, 83901",7239,"1979, 5767, 3967",244,55
2026-04-17,Gia Lai,286307,00505,21023,"34342, 22010","36250, 16882, 44277, 82542, 17306, 16227, 34965",9052,"3309, 8953, 8902",929,49
2026-04-17,Khánh Hòa,665456,22308,67088,"02256, 51834","10783, 26573, 55511, 95617, 94206, 29692, 46252",1402,"3849, 7188, 8671",049,80
2026-04-17,Ninh Thuận,541793,40973,12319,"38006, 70564","00449, 12733, 64932, 05755, 64379, 46007, 36975",6592,"5514, 8314, 0607",034,06
2026-04-17,Quảng Bình,188509,76065,93587,"09074, 36235","71557, 23797, 67103, 88198, 99377, 48302, 33891",0826,"8532, 6956, 8289",980,30
2026-04-17,Quảng Trị,451920,61984,02466,"76302, 32986","76834, 92984, 38597, 96284, 41333, 63173, 65834",2200,"2908, 7713, 2383",047,81
2026-04-17,Đà Nẵng,424885,45337,15405,"24176, 98352","68967, 66082, 51347, 52280, 37284, 63029, 44449",8685,"4529, 9214, 0629",074,47
2026-04-18,18/04/2026,150040,30672,51790,"13948, 20742","45355, 43002, 97408, 75683, 22963, 00038, 93037",5597,"9183, 8717, 2090",345,26
2026-04-18,Bình Định,936497,47148,16121,"14517, 44343","47523, 61985, 84690, 48078, 18519, 83536, 83901",7239,"1979, 5767, 3967",244,55
2026-04-18,Gia Lai,286307,00505,21023,"34342, 22010","36250, 16882, 44277, 82542, 17306, 16227, 34965",9052,"3309, 8953, 8902",929,49
2026-04-18,Ninh Thuận,541793,40973,12319,"38006, 70564","00449, 12733, 64932, 05755, 64379, 46007, 36975",6592,"5514, 8314, 0607",034,06
2026-04-18,Quảng Bình,188509,76065,93587,"09074, 36235","71557, 23797, 67103, 88198, 99377, 48302, 33891",0826,"8532, 6956, 8289",980,30
2026-04-18,Quảng Ngãi,288358,92394,83801,"25625, 66735","93788, 52601, 40094, 78657, 35913, 53671, 52343",2358,"0002, 5654, 5147",922,64
2026-04-18,Quảng Trị,451920,61984,02466,"76302, 32986","76834, 92984, 38597, 96284, 41333, 63173, 65834",2200,"2908, 7713, 2383",047,81
2026-04-18,Đà Nẵng,265235,85389,80775,"04564, 99688","32800, 12691, 51119, 40608, 40109, 56006, 30996",8236,"0228, 1567, 2954",766,82
2026-04-20,18/04/2026,150040,30672,51790,"13948, 20742","45355, 43002, 97408, 75683, 22963, 00038, 93037",5597,"9183, 8717, 2090",345,26
2026-04-20,19/04/2026,481381,20661,73270,"99750, 83190","99949, 40438, 71270, 47407, 05659, 33332, 98911",2503,"2891, 3073, 1390",645,56
2026-04-20,20/04/2026,850554,78454,92450,"50773, 42913","46467, 01527, 11282, 45195, 36992, 35093, 43209",4437,"0631, 9649, 4772",845,52
2026-04-20,Khánh Hòa,459645,49854,09173,"45634, 07053","53704, 81665, 76044, 66774, 63239, 45270, 71400",7075,"0548, 0168, 1089",276,03
2026-04-20,Kon Tum,901057,96380,98178,"95545, 12673","16195, 95701, 20081, 78367, 71384, 16484, 10125",6385,"3240, 6516, 5559",006,92
2026-04-20,Phú Yên,484050,91315,56453,"15181, 37280","51225, 83059, 00519, 81188, 25185, 07833, 02144",4572,"2870, 0386, 9642",946,42
2026-04-20,Quảng Ngãi,288358,92394,83801,"25625, 66735","93788, 52601, 40094, 78657, 35913, 53671, 52343",2358,"0002, 5654, 5147",922,64
2026-04-20,Đà Nẵng,265235,85389,80775,"04564, 99688","32800, 12691, 51119, 40608, 40109, 56006, 30996",8236,"0228, 1567, 2954",766,82
2026-04-21,19/04/2026,481381,20661,73270,"99750, 83190","99949, 40438, 71270, 47407, 05659, 33332, 98911",2503,"2891, 3073, 1390",645,56
2026-04-21,20/04/2026,850554,78454,92450,"50773, 42913","46467, 01527, 11282, 45195, 36992, 35093, 43209",4437,"0631, 9649, 4772",845,52
2026-04-21,Khánh Hòa,459645,49854,09173,"45634, 07053","53704, 81665, 76044, 66774, 63239, 45270, 71400",7075,"0548, 0168, 1089",276,03
2026-04-21,Kon Tum,901057,96380,98178,"95545, 12673","16195, 95701, 20081, 78367, 71384, 16484, 10125",6385,"3240, 6516, 5559",006,92
2026-04-21,Phú Yên,484050,91315,56453,"15181, 37280","51225, 83059, 00519, 81188, 25185, 07833, 02144",4572,"2870, 0386, 9642",946,42
2026-04-21,Quảng Nam,844398,24552,51983,"55824, 61599","51002, 79080, 38921, 76113, 06078, 27295, 72985",1081,"2562, 9659, 5734",673,79
2026-04-21,Đắk Lắk,541284,46467,24624,"44669, 55177","65445, 76773, 37439, 63101, 52433, 37602, 72049",0183,"6487, 6127, 7622",222,04
2026-04-22,20/04/2026,850554,78454,92450,"50773, 42913","46467, 01527, 11282, 45195, 36992, 35093, 43209",4437,"0631, 9649, 4772",845,52
2026-04-22,Khánh Hòa,573973,00755,30184,"38315, 48976","20238, 30410, 81930, 75148, 25799, 02603, 49218",9738,"3446, 5873, 8720",272,35
2026-04-22,Phú Yên,484050,91315,56453,"15181, 37280","51225, 83059, 00519, 81188, 25185, 07833, 02144",4572,"2870, 0386, 9642",946,42
2026-04-22,Quảng Nam,844398,24552,51983,"55824, 61599","51002, 79080, 38921, 76113, 06078, 27295, 72985",1081,"2562, 9659, 5734",673,79
2026-04-22,Đà Nẵng,595660,26730,81472,"88606, 88171","82034, 29905, 67159, 39609, 78208, 17270, 40754",2205,"4229, 1811, 9224",830,28
2026-04-22,Đắk Lắk,541284,46467,24624,"44669, 55177","65445, 76773, 37439, 63101, 52433, 37602, 72049",0183,"6487, 6127, 7622",222,04
2026-04-24,Bình Định,547020,40748,64937,"33800, 10535","60248, 54534, 65310, 09578, 31917, 60880, 44533",4578,"7382, 2766, 5622",705,48
2026-04-24,Gia Lai,738100,36416,40941,"26725, 47032","89846, 02154, 15750, 51607, 79724, 61638, 30834",9083,"4937, 7652, 7342",861,32
2026-04-24,Khánh Hòa,573973,00755,30184,"38315, 48976","20238, 30410, 81930, 75148, 25799, 02603, 49218",9738,"3446, 5873, 8720",272,35
2026-04-24,Ninh Thuận,132410,39466,71471,"04268, 31809","01330, 53565, 49771, 53214, 65575, 16239, 33777",2209,"3466, 5482, 4886",606,52
2026-04-24,Quảng Bình,719913,52080,73627,"60937, 43939","71348, 36209, 00245, 08389, 79400, 66348, 96878",7755,"3154, 2236, 4701",834,25
2026-04-24,Quảng Trị,982118,26102,68533,"52383, 17553","44867, 99172, 38985, 73016, 49337, 18135, 17851",7495,"7276, 8151, 9891",675,93
2026-04-24,Đà Nẵng,595660,26730,81472,"88606, 88171","82034, 29905, 67159, 39609, 78208, 17270, 40754",2205,"4229, 1811, 9224",830,28
2026-04-25,25/04/2026,963857,63224,65954,"82234, 72030","03204, 87939, 19034, 45481, 63999, 87070, 02321",4898,"8649, 8487, 3328",071,17
2026-04-25,Bình Định,547020,40748,64937,"33800, 10535","60248, 54534, 65310, 09578, 31917, 60880, 44533",4578,"7382, 2766, 5622",705,48
2026-04-25,Gia Lai,738100,36416,40941,"26725, 47032","89846, 02154, 15750, 51607, 79724, 61638, 30834",9083,"4937, 7652, 7342",861,32
2026-04-25,Ninh Thuận,132410,39466,71471,"04268, 31809","01330, 53565, 49771, 53214, 65575, 16239, 33777",2209,"3466, 5482, 4886",606,52
2026-04-25,Quảng Bình,719913,52080,73627,"60937, 43939","71348, 36209, 00245, 08389, 79400, 66348, 96878",7755,"3154, 2236, 4701",834,25
2026-04-25,Quảng Ngãi,853918,38503,20344,"05723, 64755","40659, 18475, 83120, 01598, 70886, 01900, 05782",9943,"4362, 3166, 7090",656,86
2026-04-25,Quảng Trị,982118,26102,68533,"52383, 17553","44867, 99172, 38985, 73016, 49337, 18135, 17851",7495,"7276, 8151, 9891",675,93
2026-04-25,Đà Nẵng,671181,81563,09449,"46669, 29249","52727, 73345, 12556, 68063, 23457, 38830, 46081",7047,"1389, 9243, 3450",338,18
2026-04-26,25/04/2026,963857,63224,65954,"82234, 72030","03204, 87939, 19034, 45481, 63999, 87070, 02321",4898,"8649, 8487, 3328",071,17
2026-04-26,26/04/2026,988002,73557,15002,"24790, 09135","95660, 87433, 04454, 78207, 68065, 67762, 11535",3792,"9250, 4994, 2830",484,74
2026-04-26,Gia Lai,738100,36416,40941,"26725, 47032","89846, 02154, 15750, 51607, 79724, 61638, 30834",9083,"4937, 7652, 7342",861,32
2026-04-26,Khánh Hòa,676666,33562,10575,"15623, 36831","68028, 86231, 96026, 45819, 67732, 16683, 99555",1871,"2399, 6445, 6230",682,47
2026-04-26,Kon Tum,683004,47568,25582,"87591, 01484","75390, 64223, 57939, 54754, 02780, 22849, 46142",9981,"6214, 8550, 9032",023,42
2026-04-26,Ninh Thuận,132410,39466,71471,"04268, 31809","01330, 53565, 49771, 53214, 65575, 16239, 33777",2209,"3466, 5482, 4886",606,52
2026-04-26,Quảng Ngãi,853918,38503,20344,"05723, 64755","40659, 18475, 83120, 01598, 70886, 01900, 05782",9943,"4362, 3166, 7090",656,86
2026-04-26,Đà Nẵng,671181,81563,09449,"46669, 29249","52727, 73345, 12556, 68063, 23457, 38830, 46081",7047,"1389, 9243, 3450",338,18
2026-04-27,25/04/2026,963857,63224,65954,"82234, 72030","03204, 87939, 19034, 45481, 63999, 87070, 02321",4898,"8649, 8487, 3328",071,17
2026-04-27,26/04/2026,988002,73557,15002,"24790, 09135","95660, 87433, 04454, 78207, 68065, 67762, 11535",3792,"9250, 4994, 2830",484,74
2026-04-27,27/04/2026,836508,89366,67358,"79595, 41866","98922, 96597, 95228, 17943, 27156, 19087, 51791",9554,"7933, 4114, 2186",634,86
2026-04-27,Khánh Hòa,676666,33562,10575,"15623, 36831","68028, 86231, 96026, 45819, 67732, 16683, 99555",1871,"2399, 6445, 6230",682,47
2026-04-27,Kon Tum,683004,47568,25582,"87591, 01484","75390, 64223, 57939, 54754, 02780, 22849, 46142",9981,"6214, 8550, 9032",023,42
2026-04-27,Phú Yên,551680,96151,63186,"90193, 90461","01362, 41672, 98695, 82542, 68497, 81064, 23313",8073,"4842, 8842, 2771",196,42
2026-04-27,Quảng Ngãi,853918,38503,20344,"05723, 64755","40659, 18475, 83120, 01598, 70886, 01900, 05782",9943,"4362, 3166, 7090",656,86
2026-04-27,Đà Nẵng,671181,81563,09449,"46669, 29249","52727, 73345, 12556, 68063, 23457, 38830, 46081",7047,"1389, 9243, 3450",338,18
2026-04-28,26/04/2026,988002,73557,15002,"24790, 09135","95660, 87433, 04454, 78207, 68065, 67762, 11535",3792,"9250, 4994, 2830",484,74
2026-04-28,27/04/2026,836508,89366,67358,"79595, 41866","98922, 96597, 95228, 17943, 27156, 19087, 51791",9554,"7933, 4114, 2186",634,86
2026-04-28,Khánh Hòa,676666,33562,10575,"15623, 36831","68028, 86231, 96026, 45819, 67732, 16683, 99555",1871,"2399, 6445, 6230",682,47
2026-04-28,Kon Tum,683004,47568,25582,"87591, 01484","75390, 64223, 57939, 54754, 02780, 22849, 46142",9981,"6214, 8550, 9032",023,42
2026-04-28,Phú Yên,551680,96151,63186,"90193, 90461","01362, 41672, 98695, 82542, 68497, 81064, 23313",8073,"4842, 8842, 2771",196,42
2026-04-28,Quảng Nam,242897,27660,72294,"44401, 98947","96777, 41293, 32101, 34504, 19006, 89304, 70148",9569,"0665, 9130, 2616",097,68
2026-04-28,Đắk Lắk,271506,79985,51530,"00408, 36509","61835, 72710, 94245, 15847, 23766, 67292, 27721",8317,"4340, 9796, 9082",520,02
2026-04-29,27/04/2026,836508,89366,67358,"79595, 41866","98922, 96597, 95228, 17943, 27156, 19087, 51791",9554,"7933, 4114, 2186",634,86
2026-04-29,Khánh Hòa,933564,54085,67106,"02538, 49793","83357, 18119, 58185, 53830, 66919, 72846, 51862",0698,"6302, 5348, 0067",139,74
2026-04-29,Phú Yên,551680,96151,63186,"90193, 90461","01362, 41672, 98695, 82542, 68497, 81064, 23313",8073,"4842, 8842, 2771",196,42
2026-04-29,Quảng Nam,242897,27660,72294,"44401, 98947","96777, 41293, 32101, 34504, 19006, 89304, 70148",9569,"0665, 9130, 2616",097,68
2026-04-29,Đà Nẵng,618399,80526,28600,"40276, 36842","60956, 82446, 52424, 40692, 63825, 91223, 38386",4902,"1838, 3225, 3044",635,88
2026-04-29,Đắk Lắk,271506,79985,51530,"00408, 36509","61835, 72710, 94245, 15847, 23766, 67292, 27721",8317,"4340, 9796, 9082",520,02
2026-04-30,Bình Định,502849,81275,73329,"06179, 10894","74597, 18256, 99094, 91160, 01734, 98027, 04607",3565,"7512, 5067, 4773",222,57
2026-04-30,Khánh Hòa,933564,54085,67106,"02538, 49793","83357, 18119, 58185, 53830, 66919, 72846, 51862",0698,"6302, 5348, 0067",139,74
2026-04-30,Quảng Bình,486953,95326,80790,"63193, 35298","76073, 66397, 30889, 18125, 20036, 67654, 02105",2172,"6951, 8572, 9602",436,91
2026-04-30,Quảng Nam,242897,27660,72294,"44401, 98947","96777, 41293, 32101, 34504, 19006, 89304, 70148",9569,"0665, 9130, 2616",097,68
2026-04-30,Quảng Trị,675956,88233,46897,"91117, 41606","55537, 38418, 26617, 81751, 58672, 16863, 20418",7056,"1132, 5040, 0159",943,31
2026-04-30,Đà Nẵng,618399,80526,28600,"40276, 36842","60956, 82446, 52424, 40692, 63825, 91223, 38386",4902,"1838, 3225, 3044",635,88
2026-04-30,Đắk Lắk,271506,79985,51530,"00408, 36509","61835, 72710, 94245, 15847, 23766, 67292, 27721",8317,"4340, 9796, 9082",520,02
2026-05-01,Bình Định,502849,81275,73329,"06179, 10894","74597, 18256, 99094, 91160, 01734, 98027, 04607",3565,"7512, 5067, 4773",222,57
2026-05-01,Gia Lai,071730,50961,22491,"19600, 53384","07565, 33404, 37563, 31233, 80393, 65075, 11471",8793,"9730, 1290, 0796",254,17
2026-05-01,Khánh Hòa,933564,54085,67106,"02538, 49793","83357, 18119, 58185, 53830, 66919, 72846, 51862",0698,"6302, 5348, 0067",139,74
2026-05-01,Ninh Thuận,249317,09391,84193,"71220, 02427","11306, 62361, 36852, 96984, 65125, 78838, 17829",9095,"6891, 6318, 4407",697,23
2026-05-01,Quảng Bình,486953,95326,80790,"63193, 35298","76073, 66397, 30889, 18125, 20036, 67654, 02105",2172,"6951, 8572, 9602",436,91
2026-05-01,Quảng Trị,675956,88233,46897,"91117, 41606","55537, 38418, 26617, 81751, 58672, 16863, 20418",7056,"1132, 5040, 0159",943,31
2026-05-01,Đà Nẵng,618399,80526,28600,"40276, 36842","60956, 82446, 52424, 40692, 63825, 91223, 38386",4902,"1838, 3225, 3044",635,88
2026-05-02,02/05/2026,178608,72144,87445,"92811, 72035","13007, 46804, 89312, 82326, 94789, 83425, 69454",4723,"2363, 2888, 9462",651,26
2026-05-02,Bình Định,502849,81275,73329,"06179, 10894","74597, 18256, 99094, 91160, 01734, 98027, 04607",3565,"7512, 5067, 4773",222,57
2026-05-02,Gia Lai,071730,50961,22491,"19600, 53384","07565, 33404, 37563, 31233, 80393, 65075, 11471",8793,"9730, 1290, 0796",254,17
2026-05-02,Ninh Thuận,249317,09391,84193,"71220, 02427","11306, 62361, 36852, 96984, 65125, 78838, 17829",9095,"6891, 6318, 4407",697,23
2026-05-02,Quảng Bình,486953,95326,80790,"63193, 35298","76073, 66397, 30889, 18125, 20036, 67654, 02105",2172,"6951, 8572, 9602",436,91
2026-05-02,Quảng Ngãi,802963,41084,47875,"68514, 04791","19630, 45658, 99284, 79057, 97839, 36847, 04257",7599,"0826, 0256, 2762",480,74
2026-05-02,Quảng Trị,675956,88233,46897,"91117, 41606","55537, 38418, 26617, 81751, 58672, 16863, 20418",7056,"1132, 5040, 0159",943,31
2026-05-02,Đà Nẵng,192479,01079,00104,"20842, 35094","19302, 24162, 63987, 35941, 31494, 24167, 62990",7453,"7449, 4197, 7923",628,24
2026-05-03,02/05/2026,178608,72144,87445,"92811, 72035","13007, 46804, 89312, 82326, 94789, 83425, 69454",4723,"2363, 2888, 9462",651,26
2026-05-03,03/05/2026,155055,87109,92548,"75662, 58265","32387, 23381, 41312, 10588, 76646, 05518, 56891",2801,"3875, 2784, 4674",042,08
2026-05-03,Gia Lai,071730,50961,22491,"19600, 53384","07565, 33404, 37563, 31233, 80393, 65075, 11471",8793,"9730, 1290, 0796",254,17
2026-05-03,Khánh Hòa,150982,22453,82285,"86920, 54637","57963, 19399, 86601, 08508, 84531, 97071, 10787",4053,"2119, 5897, 5221",478,09
2026-05-03,Kon Tum,122248,84952,36642,"90443, 39872","71739, 43171, 60700, 84895, 69784, 09985, 62744",2895,"0392, 9478, 0614",465,00
2026-05-03,Ninh Thuận,249317,09391,84193,"71220, 02427","11306, 62361, 36852, 96984, 65125, 78838, 17829",9095,"6891, 6318, 4407",697,23
2026-05-03,Quảng Ngãi,802963,41084,47875,"68514, 04791","19630, 45658, 99284, 79057, 97839, 36847, 04257",7599,"0826, 0256, 2762",480,74
2026-05-03,Đà Nẵng,192479,01079,00104,"20842, 35094","19302, 24162, 63987, 35941, 31494, 24167, 62990",7453,"7449, 4197, 7923",628,24
2026-05-04,02/05/2026,178608,72144,87445,"92811, 72035","13007, 46804, 89312, 82326, 94789, 83425, 69454",4723,"2363, 2888, 9462",651,26
2026-05-04,03/05/2026,155055,87109,92548,"75662, 58265","32387, 23381, 41312, 10588, 76646, 05518, 56891",2801,"3875, 2784, 4674",042,08
2026-05-04,04/05/2026,559552,55081,32017,"05582, 47549","88045, 93952, 68029, 13995, 61145, 83829, 30438",1201,"2074, 7465, 5316",051,94
2026-05-04,Khánh Hòa,150982,22453,82285,"86920, 54637","57963, 19399, 86601, 08508, 84531, 97071, 10787",4053,"2119, 5897, 5221",478,09
2026-05-04,Kon Tum,122248,84952,36642,"90443, 39872","71739, 43171, 60700, 84895, 69784, 09985, 62744",2895,"0392, 9478, 0614",465,00
2026-05-04,Phú Yên,063739,27829,66216,"29793, 94486","73619, 43749, 04479, 10459, 40203, 77341, 82202",8824,"2437, 0049, 8094",013,41
2026-05-04,Quảng Ngãi,802963,41084,47875,"68514, 04791","19630, 45658, 99284, 79057, 97839, 36847, 04257",7599,"0826, 0256, 2762",480,74
2026-05-04,Đà Nẵng,192479,01079,00104,"20842, 35094","19302, 24162, 63987, 35941, 31494, 24167, 62990",7453,"7449, 4197, 7923",628,24
2026-05-05,03/05/2026,155055,87109,92548,"75662, 58265","32387, 23381, 41312, 10588, 76646, 05518, 56891",2801,"3875, 2784, 4674",042,08
2026-05-05,04/05/2026,559552,55081,32017,"05582, 47549","88045, 93952, 68029, 13995, 61145, 83829, 30438",1201,"2074, 7465, 5316",051,94
2026-05-05,Khánh Hòa,150982,22453,82285,"86920, 54637","57963, 19399, 86601, 08508, 84531, 97071, 10787",4053,"2119, 5897, 5221",478,09
2026-05-05,Kon Tum,122248,84952,36642,"90443, 39872","71739, 43171, 60700, 84895, 69784, 09985, 62744",2895,"0392, 9478, 0614",465,00
2026-05-05,Phú Yên,063739,27829,66216,"29793, 94486","73619, 43749, 04479, 10459, 40203, 77341, 82202",8824,"2437, 0049, 8094",013,41
2026-05-05,Quảng Nam,328943,54793,04795,"26889, 49746","68808, 11878, 63339, 06430, 26129, 72910, 48618",0275,"3760, 9086, 2149",144,53
2026-05-05,Đắk Lắk,747878,30932,04862,"16510, 92733","70977, 05632, 06080, 95220, 64448, 81085, 56253",9738,"8698, 6386, 0152",759,89
2026-05-06,04/05/2026,559552,55081,32017,"05582, 47549","88045, 93952, 68029, 13995, 61145, 83829, 30438",1201,"2074, 7465, 5316",051,94
2026-05-06,Khánh Hòa,102504,35184,62629,"16079, 72434","06472, 88012, 26720, 68748, 02550, 61911, 01131",2937,"6597, 8802, 9435",578,85
2026-05-06,Phú Yên,063739,27829,66216,"29793, 94486","73619, 43749, 04479, 10459, 40203, 77341, 82202",8824,"2437, 0049, 8094",013,41
2026-05-06,Quảng Nam,328943,54793,04795,"26889, 49746","68808, 11878, 63339, 06430, 26129, 72910, 48618",0275,"3760, 9086, 2149",144,53
2026-05-06,Đà Nẵng,669069,74446,61571,"46941, 70159","68845, 34773, 52002, 06083, 68579, 26196, 28191",6072,"8848, 5140, 5947",038,21
2026-05-06,Đắk Lắk,747878,30932,04862,"16510, 92733","70977, 05632, 06080, 95220, 64448, 81085, 56253",9738,"8698, 6386, 0152",759,89
2026-05-07,Bình Định,878266,17468,80955,"30481, 94194","50219, 13063, 46976, 77735, 84025, 25234, 84107",2489,"5964, 3389, 9888",773,98
2026-05-07,Khánh Hòa,102504,35184,62629,"16079, 72434","06472, 88012, 26720, 68748, 02550, 61911, 01131",2937,"6597, 8802, 9435",578,85
2026-05-07,Quảng Bình,047887,13599,63326,"14668, 51225","55167, 82119, 04089, 57789, 42284, 93181, 63748",0075,"8251, 9589, 6545",999,79
2026-05-07,Quảng Nam,328943,54793,04795,"26889, 49746","68808, 11878, 63339, 06430, 26129, 72910, 48618",0275,"3760, 9086, 2149",144,53
2026-05-07,Quảng Trị,558276,08201,22397,"02269, 93379","57252, 99713, 39161, 42357, 84303, 72501, 02762",2656,"7507, 3889, 2638",927,90
2026-05-07,Đà Nẵng,669069,74446,61571,"46941, 70159","68845, 34773, 52002, 06083, 68579, 26196, 28191",6072,"8848, 5140, 5947",038,21
2026-05-07,Đắk Lắk,747878,30932,04862,"16510, 92733","70977, 05632, 06080, 95220, 64448, 81085, 56253",9738,"8698, 6386, 0152",759,89
2026-05-08,Bình Định,878266,17468,80955,"30481, 94194","50219, 13063, 46976, 77735, 84025, 25234, 84107",2489,"5964, 3389, 9888",773,98
2026-05-08,Gia Lai,021082,29372,27044,"69946, 89029","56418, 64201, 75656, 29878, 84227, 96024, 36127",7198,"6586, 3883, 5646",436,10
2026-05-08,Khánh Hòa,102504,35184,62629,"16079, 72434","06472, 88012, 26720, 68748, 02550, 61911, 01131",2937,"6597, 8802, 9435",578,85
2026-05-08,Ninh Thuận,283725,20966,84371,"88867, 53990","51153, 53019, 46185, 94312, 11135, 51453, 04197",3910,"5355, 0074, 1241",501,70
2026-05-08,Quảng Bình,047887,13599,63326,"14668, 51225","55167, 82119, 04089, 57789, 42284, 93181, 63748",0075,"8251, 9589, 6545",999,79
2026-05-08,Quảng Trị,558276,08201,22397,"02269, 93379","57252, 99713, 39161, 42357, 84303, 72501, 02762",2656,"7507, 3889, 2638",927,90
2026-05-08,Đà Nẵng,669069,74446,61571,"46941, 70159","68845, 34773, 52002, 06083, 68579, 26196, 28191",6072,"8848, 5140, 5947",038,21
2026-05-09,09/05/2026,155727,08188,36157,"46294, 36969","29225, 34402, 01259, 68479, 22502, 17372, 37901",9240,"9638, 6284, 4187",155,09
2026-05-09,Bình Định,878266,17468,80955,"30481, 94194","50219, 13063, 46976, 77735, 84025, 25234, 84107",2489,"5964, 3389, 9888",773,98
2026-05-09,Gia Lai,021082,29372,27044,"69946, 89029","56418, 64201, 75656, 29878, 84227, 96024, 36127",7198,"6586, 3883, 5646",436,10
2026-05-09,Ninh Thuận,283725,20966,84371,"88867, 53990","51153, 53019, 46185, 94312, 11135, 51453, 04197",3910,"5355, 0074, 1241",501,70
2026-05-09,Quảng Bình,047887,13599,63326,"14668, 51225","55167, 82119, 04089, 57789, 42284, 93181, 63748",0075,"8251, 9589, 6545",999,79
2026-05-09,Quảng Ngãi,228575,41222,48978,"92285, 69810","18061, 62216, 48511, 00985, 74431, 13735, 74895",4631,"8914, 0458, 8705",338,54
2026-05-09,Quảng Trị,558276,08201,22397,"02269, 93379","57252, 99713, 39161, 42357, 84303, 72501, 02762",2656,"7507, 3889, 2638",927,90
2026-05-09,Đà Nẵng,781899,44824,94103,"71520, 69443","93024, 68649, 38800, 44641, 69111, 31761, 28290",7484,"3854, 8335, 2734",319,09
2026-05-10,09/05/2026,155727,08188,36157,"46294, 36969","29225, 34402, 01259, 68479, 22502, 17372, 37901",9240,"9638, 6284, 4187",155,09
2026-05-10,10/05/2026,694933,96901,73227,"54590, 73543","80767, 13792, 42532, 01508, 43768, 15724, 30512",9045,"7132, 1848, 8501",368,39
2026-05-10,Gia Lai,021082,29372,27044,"69946, 89029","56418, 64201, 75656, 29878, 84227, 96024, 36127",7198,"6586, 3883, 5646",436,10
2026-05-10,Khánh Hòa,150818,22809,12754,"10839, 82767","23175, 57914, 76800, 07192, 87952, 57966, 16827",3354,"8024, 4193, 8269",815,29
2026-05-10,Kon Tum,432544,41050,84135,"32328, 81298","88695, 32328, 35926, 82795, 24224, 96864, 68503",5191,"8876, 9177, 0648",271,68
2026-05-10,Ninh Thuận,283725,20966,84371,"88867, 53990","51153, 53019, 46185, 94312, 11135, 51453, 04197",3910,"5355, 0074, 1241",501,70
2026-05-10,Quảng Ngãi,228575,41222,48978,"92285, 69810","18061, 62216, 48511, 00985, 74431, 13735, 74895",4631,"8914, 0458, 8705",338,54
2026-05-10,Đà Nẵng,781899,44824,94103,"71520, 69443","93024, 68649, 38800, 44641, 69111, 31761, 28290",7484,"3854, 8335, 2734",319,09
2026-05-11,09/05/2026,155727,08188,36157,"46294, 36969","29225, 34402, 01259, 68479, 22502, 17372, 37901",9240,"9638, 6284, 4187",155,09
2026-05-11,10/05/2026,694933,96901,73227,"54590, 73543","80767, 13792, 42532, 01508, 43768, 15724, 30512",9045,"7132, 1848, 8501",368,39
2026-05-11,11/05/2026,793529,23932,54855,"15787, 41022","17921, 42646, 76943, 47357, 10503, 45232, 88728",4787,"0253, 3166, 6359",292,02
2026-05-11,Khánh Hòa,150818,22809,12754,"10839, 82767","23175, 57914, 76800, 07192, 87952, 57966, 16827",3354,"8024, 4193, 8269",815,29
2026-05-11,Kon Tum,432544,41050,84135,"32328, 81298","88695, 32328, 35926, 82795, 24224, 96864, 68503",5191,"8876, 9177, 0648",271,68
2026-05-11,Phú Yên,218982,66644,66364,"83903, 44720","33311, 99862, 69113, 72597, 07065, 89709, 59630",6324,"2029, 1985, 4867",414,20
2026-05-11,Quảng Ngãi,228575,41222,48978,"92285, 69810","18061, 62216, 48511, 00985, 74431, 13735, 74895",4631,"8914, 0458, 8705",338,54
2026-05-11,Đà Nẵng,781899,44824,94103,"71520, 69443","93024, 68649, 38800, 44641, 69111, 31761, 28290",7484,"3854, 8335, 2734",319,09
2026-05-12,10/05/2026,694933,96901,73227,"54590, 73543","80767, 13792, 42532, 01508, 43768, 15724, 30512",9045,"7132, 1848, 8501",368,39
2026-05-12,11/05/2026,793529,23932,54855,"15787, 41022","17921, 42646, 76943, 47357, 10503, 45232, 88728",4787,"0253, 3166, 6359",292,02
2026-05-12,Khánh Hòa,150818,22809,12754,"10839, 82767","23175, 57914, 76800, 07192, 87952, 57966, 16827",3354,"8024, 4193, 8269",815,29
2026-05-12,Kon Tum,432544,41050,84135,"32328, 81298","88695, 32328, 35926, 82795, 24224, 96864, 68503",5191,"8876, 9177, 0648",271,68
2026-05-12,Phú Yên,218982,66644,66364,"83903, 44720","33311, 99862, 69113, 72597, 07065, 89709, 59630",6324,"2029, 1985, 4867",414,20
2026-05-12,Quảng Nam,216625,53821,71120,"32279, 46321","36969, 28770, 28679, 54023, 55414, 26287, 00178",3291,"8921, 1672, 4114",526,88
2026-05-12,Đắk Lắk,150732,11785,40400,"90023, 54532","21032, 82702, 05000, 66266, 34445, 88607, 39631",1619,"5698, 5814, 7666",454,63
2026-05-13,11/05/2026,793529,23932,54855,"15787, 41022","17921, 42646, 76943, 47357, 10503, 45232, 88728",4787,"0253, 3166, 6359",292,02
2026-05-13,Khánh Hòa,413370,51445,59208,"77545, 35285","16012, 77738, 09524, 21868, 89661, 55948, 98184",1119,"8659, 1887, 8391",265,58
2026-05-13,Phú Yên,218982,66644,66364,"83903, 44720","33311, 99862, 69113, 72597, 07065, 89709, 59630",6324,"2029, 1985, 4867",414,20
2026-05-13,Quảng Nam,216625,53821,71120,"32279, 46321","36969, 28770, 28679, 54023, 55414, 26287, 00178",3291,"8921, 1672, 4114",526,88
2026-05-13,Đà Nẵng,579392,88396,42237,"70559, 01860","58190, 71711, 71460, 95035, 71644, 20648, 86015",4474,"4287, 0323, 6718",070,06
2026-05-13,Đắk Lắk,150732,11785,40400,"90023, 54532","21032, 82702, 05000, 66266, 34445, 88607, 39631",1619,"5698, 5814, 7666",454,63
2026-05-14,Bình Định,557464,75591,65476,"94509, 68892","78217, 81266, 47025, 00221, 99288, 56925, 92654",0810,"1747, 3360, 6155",223,63
2026-05-14,Khánh Hòa,413370,51445,59208,"77545, 35285","16012, 77738, 09524, 21868, 89661, 55948, 98184",1119,"8659, 1887, 8391",265,58
2026-05-14,Quảng Bình,027630,92154,25225,"82965, 61570","56914, 34730, 44176, 63727, 55313, 69187, 65481",3222,"2459, 0509, 1044",419,72
2026-05-14,Quảng Nam,216625,53821,71120,"32279, 46321","36969, 28770, 28679, 54023, 55414, 26287, 00178",3291,"8921, 1672, 4114",526,88
2026-05-14,Quảng Trị,364631,29820,30710,"02281, 96696","97436, 99442, 21140, 02089, 06632, 93870, 58327",9569,"8749, 1957, 0157",402,66
2026-05-14,Đà Nẵng,579392,88396,42237,"70559, 01860","58190, 71711, 71460, 95035, 71644, 20648, 86015",4474,"4287, 0323, 6718",070,06
2026-05-14,Đắk Lắk,150732,11785,40400,"90023, 54532","21032, 82702, 05000, 66266, 34445, 88607, 39631",1619,"5698, 5814, 7666",454,63
2026-05-15,Bình Định,557464,75591,65476,"94509, 68892","78217, 81266, 47025, 00221, 99288, 56925, 92654",0810,"1747, 3360, 6155",223,63
2026-05-15,Gia Lai,306211,01118,82306,"98170, 01491","43183, 63655, 08296, 61929, 06386, 61389, 00763",9399,"4534, 4175, 5495",333,45
2026-05-15,Khánh Hòa,413370,51445,59208,"77545, 35285","16012, 77738, 09524, 21868, 89661, 55948, 98184",1119,"8659, 1887, 8391",265,58
2026-05-15,Ninh Thuận,506540,98498,53050,"44914, 38104","24975, 54013, 31698, 98035, 44733, 57314, 07623",0885,"8701, 8844, 9059",316,82
2026-05-15,Quảng Bình,027630,92154,25225,"82965, 61570","56914, 34730, 44176, 63727, 55313, 69187, 65481",3222,"2459, 0509, 1044",419,72
2026-05-15,Quảng Trị,364631,29820,30710,"02281, 96696","97436, 99442, 21140, 02089, 06632, 93870, 58327",9569,"8749, 1957, 0157",402,66
2026-05-15,Đà Nẵng,579392,88396,42237,"70559, 01860","58190, 71711, 71460, 95035, 71644, 20648, 86015",4474,"4287, 0323, 6718",070,06
2026-05-16,Bình Định,557464,75591,65476,"94509, 68892","78217, 81266, 47025, 00221, 99288, 56925, 92654",0810,"1747, 3360, 6155",223,63
2026-05-16,Gia Lai,306211,01118,82306,"98170, 01491","43183, 63655, 08296, 61929, 06386, 61389, 00763",9399,"4534, 4175, 5495",333,45
2026-05-16,Khánh Hòa,413370,51445,59208,"77545, 35285","16012, 77738, 09524, 21868, 89661, 55948, 98184",1119,"8659, 1887, 8391",265,58
2026-05-16,Ninh Thuận,506540,98498,53050,"44914, 38104","24975, 54013, 31698, 98035, 44733, 57314, 07623",0885,"8701, 8844, 9059",316,82
2026-05-16,Quảng Bình,027630,92154,25225,"82965, 61570","56914, 34730, 44176, 63727, 55313, 69187, 65481",3222,"2459, 0509, 1044",419,72
2026-05-16,Quảng Trị,364631,29820,30710,"02281, 96696","97436, 99442, 21140, 02089, 06632, 93870, 58327",9569,"8749, 1957, 0157",402,66
2026-05-16,Đà Nẵng,579392,88396,42237,"70559, 01860","58190, 71711, 71460, 95035, 71644, 20648, 86015",4474,"4287, 0323, 6718",070,06
2026-05-18,16/05/2026,128367,69463,45418,"42991, 58930","81138, 04903, 10105, 14519, 37617, 82575, 36670",6222,"4820, 2679, 3589",694,97
2026-05-18,17/05/2026,680674,93585,64501,"08497, 23218","77158, 84709, 72831, 35996, 32571, 68277, 79560",9753,"9906, 8410, 0136",454,85
2026-05-18,18/05/2026,449399,53676,80633,"97610, 76122","20873, 85291, 44376, 67265, 86342, 36855, 60501",5224,"3976, 1622, 7075",565,24
2026-05-18,Khánh Hòa,899519,01758,74790,"82295, 83822","25405, 14398, 34494, 98180, 12448, 17439, 47051",0322,"8874, 8146, 6648",333,12
2026-05-18,Kon Tum,457888,60094,94679,"01415, 78662","59765, 13095, 19829, 72648, 00857, 69746, 86475",5334,"6709, 0455, 5932",547,48
2026-05-18,Phú Yên,133482,45818,94449,"07088, 21154","98126, 30594, 43631, 91452, 58775, 83664, 98305",6917,"8223, 3049, 1124",683,76
2026-05-18,Quảng Ngãi,410272,79735,93084,"66225, 64517","29804, 49663, 87031, 79492, 37774, 31177, 68262",1129,"3679, 2690, 6112",742,61
2026-05-18,Đà Nẵng,561370,64444,67094,"44405, 07608","98464, 96849, 20317, 02356, 21138, 06379, 14217",6011,"4215, 0115, 3224",124,65
2026-05-19,17/05/2026,680674,93585,64501,"08497, 23218","77158, 84709, 72831, 35996, 32571, 68277, 79560",9753,"9906, 8410, 0136",454,85
2026-05-19,18/05/2026,449399,53676,80633,"97610, 76122","20873, 85291, 44376, 67265, 86342, 36855, 60501",5224,"3976, 1622, 7075",565,24
2026-05-19,Khánh Hòa,899519,01758,74790,"82295, 83822","25405, 14398, 34494, 98180, 12448, 17439, 47051",0322,"8874, 8146, 6648",333,12
2026-05-19,Kon Tum,457888,60094,94679,"01415, 78662","59765, 13095, 19829, 72648, 00857, 69746, 86475",5334,"6709, 0455, 5932",547,48
2026-05-19,Phú Yên,133482,45818,94449,"07088, 21154","98126, 30594, 43631, 91452, 58775, 83664, 98305",6917,"8223, 3049, 1124",683,76
2026-05-19,Quảng Nam,241360,74959,74969,"07041, 42937","31191, 54406, 29941, 81062, 59224, 49813, 06064",3979,"2291, 6689, 6814",123,97
2026-05-19,Đắk Lắk,637189,26802,67245,"23776, 07065","85814, 65523, 12275, 02936, 18968, 63799, 60759",9250,"0767, 3538, 8294",185,34
2026-05-20,18/05/2026,449399,53676,80633,"97610, 76122","20873, 85291, 44376, 67265, 86342, 36855, 60501",5224,"3976, 1622, 7075",565,24
2026-05-20,Khánh Hòa,914016,43462,55773,"01544, 92194","37705, 60499, 16419, 13718, 91139, 45302, 22005",6713,"6691, 7549, 0767",387,28
2026-05-20,Phú Yên,133482,45818,94449,"07088, 21154","98126, 30594, 43631, 91452, 58775, 83664, 98305",6917,"8223, 3049, 1124",683,76
2026-05-20,Quảng Nam,241360,74959,74969,"07041, 42937","31191, 54406, 29941, 81062, 59224, 49813, 06064",3979,"2291, 6689, 6814",123,97
2026-05-20,Đà Nẵng,762531,63610,07806,"99304, 79089","85548, 51828, 57518, 41522, 73029, 97018, 87846",4233,"2450, 5900, 7027",815,81
2026-05-20,Đắk Lắk,637189,26802,67245,"23776, 07065","85814, 65523, 12275, 02936, 18968, 63799, 60759",9250,"0767, 3538, 8294",185,34
2026-05-21,Bình Định,773186,17636,18373,"17560, 49793","44125, 03670, 85625, 51368, 14103, 50402, 28073",7875,"9139, 4953, 7273",152,15
2026-05-21,Khánh Hòa,914016,43462,55773,"01544, 92194","37705, 60499, 16419, 13718, 91139, 45302, 22005",6713,"6691, 7549, 0767",387,28
2026-05-21,Quảng Bình,306120,14313,66444,"45111, 07042","78654, 39558, 08328, 12437, 80348, 51750, 41122",0691,"8060, 6365, 3620",996,93
2026-05-21,Quảng Nam,241360,74959,74969,"07041, 42937","31191, 54406, 29941, 81062, 59224, 49813, 06064",3979,"2291, 6689, 6814",123,97
2026-05-21,Quảng Trị,475351,17147,26042,"07273, 81902","03379, 09250, 57028, 66844, 91014, 97141, 12456",5514,"7379, 8792, 5182",692,55
2026-05-21,Đà Nẵng,762531,63610,07806,"99304, 79089","85548, 51828, 57518, 41522, 73029, 97018, 87846",4233,"2450, 5900, 7027",815,81
2026-05-21,Đắk Lắk,637189,26802,67245,"23776, 07065","85814, 65523, 12275, 02936, 18968, 63799, 60759",9250,"0767, 3538, 8294",185,34
2026-05-22,Bình Định,773186,17636,18373,"17560, 49793","44125, 03670, 85625, 51368, 14103, 50402, 28073",7875,"9139, 4953, 7273",152,15
2026-05-22,Gia Lai,954701,65548,61988,"97316, 93457","46898, 94285, 41644, 05111, 75942, 10503, 40791",7947,"9568, 2767, 6803",613,81
2026-05-22,Khánh Hòa,914016,43462,55773,"01544, 92194","37705, 60499, 16419, 13718, 91139, 45302, 22005",6713,"6691, 7549, 0767",387,28
2026-05-22,Ninh Thuận,792291,71867,66274,"81070, 66459","71641, 47286, 44583, 88260, 22314, 14299, 46999",5405,"5545, 6262, 1349",798,31
2026-05-22,Quảng Bình,306120,14313,66444,"45111, 07042","78654, 39558, 08328, 12437, 80348, 51750, 41122",0691,"8060, 6365, 3620",996,93
2026-05-22,Quảng Trị,475351,17147,26042,"07273, 81902","03379, 09250, 57028, 66844, 91014, 97141, 12456",5514,"7379, 8792, 5182",692,55
2026-05-22,Đà Nẵng,762531,63610,07806,"99304, 79089","85548, 51828, 57518, 41522, 73029, 97018, 87846",4233,"2450, 5900, 7027",815,81
2026-05-23,23/05/2026,715514,88158,45298,"47257, 23133","77985, 03406, 30401, 24658, 75443, 60175, 63207",2130,"6344, 1641, 2784",202,68
2026-05-23,Bình Định,773186,17636,18373,"17560, 49793","44125, 03670, 85625, 51368, 14103, 50402, 28073",7875,"9139, 4953, 7273",152,15
2026-05-23,Gia Lai,954701,65548,61988,"97316, 93457","46898, 94285, 41644, 05111, 75942, 10503, 40791",7947,"9568, 2767, 6803",613,81
2026-05-23,Ninh Thuận,792291,71867,66274,"81070, 66459","71641, 47286, 44583, 88260, 22314, 14299, 46999",5405,"5545, 6262, 1349",798,31
2026-05-23,Quảng Bình,306120,14313,66444,"45111, 07042","78654, 39558, 08328, 12437, 80348, 51750, 41122",0691,"8060, 6365, 3620",996,93
2026-05-23,Quảng Ngãi,819901,94375,80102,"89817, 39186","26193, 29795, 04143, 74631, 23593, 98578, 66900",9705,"9715, 1967, 3072",305,77
2026-05-23,Quảng Trị,475351,17147,26042,"07273, 81902","03379, 09250, 57028, 66844, 91014, 97141, 12456",5514,"7379, 8792, 5182",692,55
2026-05-23,Đà Nẵng,380518,91116,59795,"55930, 81714","48191, 05823, 55035, 58859, 89594, 22739, 93964",1239,"9049, 2049, 9688",580,55
2026-05-24,23/05/2026,715514,88158,45298,"47257, 23133","77985, 03406, 30401, 24658, 75443, 60175, 63207",2130,"6344, 1641, 2784",202,68
2026-05-24,24/05/2026,032740,41391,79011,"69695, 18389","55175, 62007, 03312, 53261, 26703, 43913, 26848",2282,"7470, 1804, 6936",694,38
2026-05-24,Gia Lai,954701,65548,61988,"97316, 93457","46898, 94285, 41644, 05111, 75942, 10503, 40791",7947,"9568, 2767, 6803",613,81
2026-05-24,Khánh Hòa,554022,67779,52406,"95071, 13120","34555, 25147, 07197, 12545, 38482, 93353, 72378",2778,"8501, 7750, 4098",289,32
2026-05-24,Kon Tum,179833,36453,06000,"82855, 88995","82317, 33389, 27431, 57887, 11244, 89975, 76340",0574,"6392, 1851, 2174",154,37
2026-05-24,Ninh Thuận,792291,71867,66274,"81070, 66459","71641, 47286, 44583, 88260, 22314, 14299, 46999",5405,"5545, 6262, 1349",798,31
2026-05-24,Quảng Ngãi,819901,94375,80102,"89817, 39186","26193, 29795, 04143, 74631, 23593, 98578, 66900",9705,"9715, 1967, 3072",305,77
2026-05-24,Đà Nẵng,380518,91116,59795,"55930, 81714","48191, 05823, 55035, 58859, 89594, 22739, 93964",1239,"9049, 2049, 9688",580,55
2026-05-25,23/05/2026,715514,88158,45298,"47257, 23133","77985, 03406, 30401, 24658, 75443, 60175, 63207",2130,"6344, 1641, 2784",202,68
2026-05-25,24/05/2026,032740,41391,79011,"69695, 18389","55175, 62007, 03312, 53261, 26703, 43913, 26848",2282,"7470, 1804, 6936",694,38
2026-05-25,25/05/2026,410154,71122,09767,"77399, 15416","75513, 97811, 91148, 57239, 86520, 48888, 81377",6914,"2118, 3452, 9697",918,49
2026-05-25,Khánh Hòa,554022,67779,52406,"95071, 13120","34555, 25147, 07197, 12545, 38482, 93353, 72378",2778,"8501, 7750, 4098",289,32
2026-05-25,Kon Tum,179833,36453,06000,"82855, 88995","82317, 33389, 27431, 57887, 11244, 89975, 76340",0574,"6392, 1851, 2174",154,37
2026-05-25,Phú Yên,739904,33593,27737,"05484, 13837","78996, 02939, 44582, 06006, 24251, 08104, 97801",3001,"1583, 4673, 7851",076,72
2026-05-25,Quảng Ngãi,819901,94375,80102,"89817, 39186","26193, 29795, 04143, 74631, 23593, 98578, 66900",9705,"9715, 1967, 3072",305,77
2026-05-25,Đà Nẵng,380518,91116,59795,"55930, 81714","48191, 05823, 55035, 58859, 89594, 22739, 93964",1239,"9049, 2049, 9688",580,55
2026-05-28,Bình Định,732585,61919,95206,"97896, 97947","43852, 80422, 54709, 90144, 11291, 27333, 33499",1503,"4098, 1279, 4749",942,05
2026-05-28,Khánh Hòa,295812,40057,27422,"69556, 90651","63964, 82000, 76915, 89358, 09408, 15704, 91392",5045,"3438, 8260, 5218",633,31
2026-05-28,Quảng Bình,061715,01390,63652,"01801, 40911","85100, 62747, 45580, 67041, 34511, 63675, 60681",4377,"9667, 3633, 0558",978,37
2026-05-28,Quảng Nam,672527,18759,64669,"28094, 60812","24927, 85872, 09782, 90768, 57376, 39200, 17434",4768,"6294, 0383, 5519",543,80
2026-05-28,Quảng Trị,701386,22950,29824,"33624, 55519","18103, 28799, 44064, 85521, 47050, 88161, 40093",6583,"5691, 3037, 3670",932,65
2026-05-28,Đà Nẵng,487799,77334,98806,"33287, 23945","30144, 84901, 66248, 96908, 40449, 71991, 29969",8859,"7278, 6614, 7102",891,66
2026-05-28,Đắk Lắk,869390,30347,54607,"73518, 75682","01544, 03822, 21855, 08411, 49163, 37136, 97823",4346,"6908, 4603, 0878",095,13
2026-05-29,Bình Định,732585,61919,95206,"97896, 97947","43852, 80422, 54709, 90144, 11291, 27333, 33499",1503,"4098, 1279, 4749",942,05
2026-05-29,Gia Lai,962064,37002,91090,"47456, 03519","70850, 48785, 23798, 81291, 51284, 06957, 27492",7580,"8017, 7278, 3966",280,97
2026-05-29,Khánh Hòa,295812,40057,27422,"69556, 90651","63964, 82000, 76915, 89358, 09408, 15704, 91392",5045,"3438, 8260, 5218",633,31
2026-05-29,Ninh Thuận,715293,00245,55488,"42637, 56905","00974, 35899, 73010, 32633, 12706, 83690, 17289",1640,"2386, 9145, 0591",085,90
2026-05-29,Quảng Bình,061715,01390,63652,"01801, 40911","85100, 62747, 45580, 67041, 34511, 63675, 60681",4377,"9667, 3633, 0558",978,37
2026-05-29,Quảng Trị,701386,22950,29824,"33624, 55519","18103, 28799, 44064, 85521, 47050, 88161, 40093",6583,"5691, 3037, 3670",932,65
2026-05-29,Đà Nẵng,487799,77334,98806,"33287, 23945","30144, 84901, 66248, 96908, 40449, 71991, 29969",8859,"7278, 6614, 7102",891,66
2026-05-30,30/05/2026,374269,35789,03068,"38162, 80587","79952, 58647, 23792, 68494, 01560, 96460, 63896",5030,"1098, 8087, 6858",428,29
2026-05-30,Bình Định,732585,61919,95206,"97896, 97947","43852, 80422, 54709, 90144, 11291, 27333, 33499",1503,"4098, 1279, 4749",942,05
2026-05-30,Gia Lai,962064,37002,91090,"47456, 03519","70850, 48785, 23798, 81291, 51284, 06957, 27492",7580,"8017, 7278, 3966",280,97
2026-05-30,Ninh Thuận,715293,00245,55488,"42637, 56905","00974, 35899, 73010, 32633, 12706, 83690, 17289",1640,"2386, 9145, 0591",085,90
2026-05-30,Quảng Bình,061715,01390,63652,"01801, 40911","85100, 62747, 45580, 67041, 34511, 63675, 60681",4377,"9667, 3633, 0558",978,37
2026-05-30,Quảng Ngãi,448854,69112,44653,"43779, 28535","41563, 66904, 56130, 31677, 69160, 24115, 65710",3825,"4147, 0009, 9586",909,91
2026-05-30,Quảng Trị,701386,22950,29824,"33624, 55519","18103, 28799, 44064, 85521, 47050, 88161, 40093",6583,"5691, 3037, 3670",932,65
2026-05-30,Đà Nẵng,778936,18961,19552,"75837, 00506","84621, 39911, 57623, 65279, 88359, 51483, 92168",2043,"2851, 4289, 1625",589,13
2026-05-31,30/05/2026,374269,35789,03068,"38162, 80587","79952, 58647, 23792, 68494, 01560, 96460, 63896",5030,"1098, 8087, 6858",428,29
2026-05-31,31/05/2026,371354,48824,37695,"18976, 29823","94024, 85587, 03176, 37252, 41318, 30075, 29456",6492,"4159, 6949, 8396",301,93
2026-05-31,Gia Lai,962064,37002,91090,"47456, 03519","70850, 48785, 23798, 81291, 51284, 06957, 27492",7580,"8017, 7278, 3966",280,97
2026-05-31,Khánh Hòa,536294,18276,82755,"84813, 28041","80908, 25391, 32789, 32586, 91873, 16459, 78802",0068,"2161, 5810, 1059",765,31
2026-05-31,Kon Tum,633119,57164,98397,"51582, 27665","58956, 42689, 38621, 27245, 23726, 01698, 78589",6552,"8052, 1641, 9235",118,31
2026-05-31,Ninh Thuận,715293,00245,55488,"42637, 56905","00974, 35899, 73010, 32633, 12706, 83690, 17289",1640,"2386, 9145, 0591",085,90
2026-05-31,Quảng Ngãi,448854,69112,44653,"43779, 28535","41563, 66904, 56130, 31677, 69160, 24115, 65710",3825,"4147, 0009, 9586",909,91
2026-05-31,Đà Nẵng,778936,18961,19552,"75837, 00506","84621, 39911, 57623, 65279, 88359, 51483, 92168",2043,"2851, 4289, 1625",589,13
2026-06-01,01/06/2026,013428,75893,35617,"13446, 26463","38095, 11793, 24476, 42859, 17764, 07963, 17302",7995,"8875, 4982, 8158",097,01
2026-06-01,30/05/2026,374269,35789,03068,"38162, 80587","79952, 58647, 23792, 68494, 01560, 96460, 63896",5030,"1098, 8087, 6858",428,29
2026-06-01,31/05/2026,371354,48824,37695,"18976, 29823","94024, 85587, 03176, 37252, 41318, 30075, 29456",6492,"4159, 6949, 8396",301,93
2026-06-01,Khánh Hòa,536294,18276,82755,"84813, 28041","80908, 25391, 32789, 32586, 91873, 16459, 78802",0068,"2161, 5810, 1059",765,31
2026-06-01,Kon Tum,633119,57164,98397,"51582, 27665","58956, 42689, 38621, 27245, 23726, 01698, 78589",6552,"8052, 1641, 9235",118,31
2026-06-01,Phú Yên,724069,37418,37771,"89023, 62999","00838, 30383, 45227, 67123, 90719, 28584, 57238",5428,"8467, 9122, 3843",975,42
2026-06-01,Quảng Ngãi,448854,69112,44653,"43779, 28535","41563, 66904, 56130, 31677, 69160, 24115, 65710",3825,"4147, 0009, 9586",909,91
2026-06-01,Đà Nẵng,778936,18961,19552,"75837, 00506","84621, 39911, 57623, 65279, 88359, 51483, 92168",2043,"2851, 4289, 1625",589,13
2026-06-02,01/06/2026,013428,75893,35617,"13446, 26463","38095, 11793, 24476, 42859, 17764, 07963, 17302",7995,"8875, 4982, 8158",097,01
2026-06-02,31/05/2026,371354,48824,37695,"18976, 29823","94024, 85587, 03176, 37252, 41318, 30075, 29456",6492,"4159, 6949, 8396",301,93
2026-06-02,Khánh Hòa,536294,18276,82755,"84813, 28041","80908, 25391, 32789, 32586, 91873, 16459, 78802",0068,"2161, 5810, 1059",765,31
2026-06-02,Kon Tum,633119,57164,98397,"51582, 27665","58956, 42689, 38621, 27245, 23726, 01698, 78589",6552,"8052, 1641, 9235",118,31
2026-06-02,Phú Yên,724069,37418,37771,"89023, 62999","00838, 30383, 45227, 67123, 90719, 28584, 57238",5428,"8467, 9122, 3843",975,42
2026-06-02,Quảng Nam,630950,59699,21902,"80149, 05010","28365, 88484, 32301, 09806, 99216, 70367, 97771",6075,"3452, 0198, 0327",315,31
2026-06-02,Đắk Lắk,455852,80947,28264,"19403, 89367","99970, 85626, 55514, 53492, 03060, 55337, 66559",5686,"5035, 0670, 1403",195,26
2026-06-03,01/06/2026,013428,75893,35617,"13446, 26463","38095, 11793, 24476, 42859, 17764, 07963, 17302",7995,"8875, 4982, 8158",097,01
2026-06-03,Khánh Hòa,863914,40960,70789,"38452, 01760","36454, 07068, 21238, 98793, 13806, 40414, 15906",1094,"8811, 5557, 3749",887,71
2026-06-03,Phú Yên,724069,37418,37771,"89023, 62999","00838, 30383, 45227, 67123, 90719, 28584, 57238",5428,"8467, 9122, 3843",975,42
2026-06-03,Quảng Nam,630950,59699,21902,"80149, 05010","28365, 88484, 32301, 09806, 99216, 70367, 97771",6075,"3452, 0198, 0327",315,31
2026-06-03,Đà Nẵng,725175,47246,28750,"66268, 85559","59923, 44046, 10311, 35258, 60535, 20781, 54375",4022,"7035, 8118, 8917",487,95
2026-06-03,Đắk Lắk,455852,80947,28264,"19403, 89367","99970, 85626, 55514, 53492, 03060, 55337, 66559",5686,"5035, 0670, 1403",195,26
2026-06-04,Bình Định,785898,49108,35092,"45266, 21075","37372, 41501, 67571, 33124, 20443, 71576, 35677",2354,"8143, 6995, 9379",521,16
2026-06-04,Khánh Hòa,863914,40960,70789,"38452, 01760","36454, 07068, 21238, 98793, 13806, 40414, 15906",1094,"8811, 5557, 3749",887,71
2026-06-04,Quảng Bình,528016,44164,25812,"55214, 84698","01721, 51733, 36920, 24384, 41653, 34364, 59108",0757,"6482, 2003, 3961",266,98
2026-06-04,Quảng Nam,630950,59699,21902,"80149, 05010","28365, 88484, 32301, 09806, 99216, 70367, 97771",6075,"3452, 0198, 0327",315,31
2026-06-04,Quảng Trị,155504,03475,52759,"34180, 94393","04129, 14910, 86139, 09737, 38921, 44235, 79985",3600,"5737, 4021, 1894",396,25
2026-06-04,Đà Nẵng,725175,47246,28750,"66268, 85559","59923, 44046, 10311, 35258, 60535, 20781, 54375",4022,"7035, 8118, 8917",487,95
2026-06-04,Đắk Lắk,455852,80947,28264,"19403, 89367","99970, 85626, 55514, 53492, 03060, 55337, 66559",5686,"5035, 0670, 1403",195,26
2026-06-05,Bình Định,785898,49108,35092,"45266, 21075","37372, 41501, 67571, 33124, 20443, 71576, 35677",2354,"8143, 6995, 9379",521,16
2026-06-05,Gia Lai,449016,13623,49645,"91526, 44694","28513, 20863, 29544, 60105, 67914, 41459, 56062",1673,"6214, 4936, 6988",027,10
2026-06-05,Khánh Hòa,863914,40960,70789,"38452, 01760","36454, 07068, 21238, 98793, 13806, 40414, 15906",1094,"8811, 5557, 3749",887,71
2026-06-05,Ninh Thuận,420259,11965,50213,"37380, 94080","09425, 89998, 42882, 59843, 84598, 09551, 59928",1465,"4612, 1673, 5747",053,31
2026-06-05,Quảng Bình,528016,44164,25812,"55214, 84698","01721, 51733, 36920, 24384, 41653, 34364, 59108",0757,"6482, 2003, 3961",266,98
2026-06-05,Quảng Trị,155504,03475,52759,"34180, 94393","04129, 14910, 86139, 09737, 38921, 44235, 79985",3600,"5737, 4021, 1894",396,25
2026-06-05,Đà Nẵng,725175,47246,28750,"66268, 85559","59923, 44046, 10311, 35258, 60535, 20781, 54375",4022,"7035, 8118, 8917",487,95
2026-06-06,06/06/2026,077423,79293,61816,"12391, 47651","13240, 78361, 54850, 41151, 82500, 64884, 65125",2481,"8141, 4267, 0801",304,58
2026-06-06,Bình Định,785898,49108,35092,"45266, 21075","37372, 41501, 67571, 33124, 20443, 71576, 35677",2354,"8143, 6995, 9379",521,16
2026-06-06,Gia Lai,449016,13623,49645,"91526, 44694","28513, 20863, 29544, 60105, 67914, 41459, 56062",1673,"6214, 4936, 6988",027,10
2026-06-06,Ninh Thuận,420259,11965,50213,"37380, 94080","09425, 89998, 42882, 59843, 84598, 09551, 59928",1465,"4612, 1673, 5747",053,31
2026-06-06,Quảng Bình,528016,44164,25812,"55214, 84698","01721, 51733, 36920, 24384, 41653, 34364, 59108",0757,"6482, 2003, 3961",266,98
2026-06-06,Quảng Ngãi,649582,21579,07169,"83389, 51887","30595, 38017, 09400, 34675, 84521, 84127, 32757",4394,"6399, 6839, 8051",297,63
2026-06-06,Quảng Trị,155504,03475,52759,"34180, 94393","04129, 14910, 86139, 09737, 38921, 44235, 79985",3600,"5737, 4021, 1894",396,25
2026-06-06,Đà Nẵng,390165,32325,32409,"85780, 99202","87237, 95403, 91289, 18084, 98927, 84459, 32205",9666,"9204, 5071, 9666",871,89
2026-06-07,06/06/2026,077423,79293,61816,"12391, 47651","13240, 78361, 54850, 41151, 82500, 64884, 65125",2481,"8141, 4267, 0801",304,58
2026-06-07,07/06/2026,666379,06723,77838,"41191, 84885","50685, 58905, 08826, 89320, 60391, 80520, 62482",3992,"9458, 7947, 3828",428,82
2026-06-07,Gia Lai,449016,13623,49645,"91526, 44694","28513, 20863, 29544, 60105, 67914, 41459, 56062",1673,"6214, 4936, 6988",027,10
2026-06-07,Khánh Hòa,838736,26801,72888,"80897, 59285","13277, 18750, 10634, 64185, 56799, 29597, 51784",9077,"7924, 5053, 9552",774,88
2026-06-07,Kon Tum,327574,48086,77026,"39042, 98039","81391, 99418, 61605, 39599, 42817, 18617, 69740",1488,"6501, 7911, 1909",954,99
2026-06-07,Ninh Thuận,420259,11965,50213,"37380, 94080","09425, 89998, 42882, 59843, 84598, 09551, 59928",1465,"4612, 1673, 5747",053,31
2026-06-07,Quảng Ngãi,649582,21579,07169,"83389, 51887","30595, 38017, 09400, 34675, 84521, 84127, 32757",4394,"6399, 6839, 8051",297,63
2026-06-07,Đà Nẵng,390165,32325,32409,"85780, 99202","87237, 95403, 91289, 18084, 98927, 84459, 32205",9666,"9204, 5071, 9666",871,89
2026-06-08,06/06/2026,077423,79293,61816,"12391, 47651","13240, 78361, 54850, 41151, 82500, 64884, 65125",2481,"8141, 4267, 0801",304,58
2026-06-08,07/06/2026,666379,06723,77838,"41191, 84885","50685, 58905, 08826, 89320, 60391, 80520, 62482",3992,"9458, 7947, 3828",428,82
2026-06-08,08/06/2026,744184,92655,51067,"12968, 85605","93708, 57856, 36529, 51515, 26445, 65378, 82518",9078,"7538, 4254, 1904",400,27
2026-06-08,Khánh Hòa,838736,26801,72888,"80897, 59285","13277, 18750, 10634, 64185, 56799, 29597, 51784",9077,"7924, 5053, 9552",774,88
2026-06-08,Kon Tum,327574,48086,77026,"39042, 98039","81391, 99418, 61605, 39599, 42817, 18617, 69740",1488,"6501, 7911, 1909",954,99
2026-06-08,Phú Yên,988145,29551,45331,"71841, 76614","30399, 14161, 42794, 56124, 81320, 06841, 14675",2667,"7392, 7415, 9428",003,58
2026-06-08,Quảng Ngãi,649582,21579,07169,"83389, 51887","30595, 38017, 09400, 34675, 84521, 84127, 32757",4394,"6399, 6839, 8051",297,63
2026-06-08,Đà Nẵng,390165,32325,32409,"85780, 99202","87237, 95403, 91289, 18084, 98927, 84459, 32205",9666,"9204, 5071, 9666",871,89
2026-06-09,07/06/2026,666379,06723,77838,"41191, 84885","50685, 58905, 08826, 89320, 60391, 80520, 62482",3992,"9458, 7947, 3828",428,82
2026-06-09,08/06/2026,744184,92655,51067,"12968, 85605","93708, 57856, 36529, 51515, 26445, 65378, 82518",9078,"7538, 4254, 1904",400,27
2026-06-09,Khánh Hòa,838736,26801,72888,"80897, 59285","13277, 18750, 10634, 64185, 56799, 29597, 51784",9077,"7924, 5053, 9552",774,88
2026-06-09,Kon Tum,327574,48086,77026,"39042, 98039","81391, 99418, 61605, 39599, 42817, 18617, 69740",1488,"6501, 7911, 1909",954,99
2026-06-09,Phú Yên,988145,29551,45331,"71841, 76614","30399, 14161, 42794, 56124, 81320, 06841, 14675",2667,"7392, 7415, 9428",003,58
2026-06-09,Quảng Nam,275897,25090,86680,"32633, 00654","63577, 09361, 72267, 17375, 67301, 28032, 59466",9996,"2732, 6016, 3810",057,08
2026-06-09,Đắk Lắk,397486,92051,20698,"88804, 32394","88550, 89483, 19375, 30887, 21394, 46200, 57115",2886,"1206, 5448, 4900",733,87
2026-06-10,08/06/2026,744184,92655,51067,"12968, 85605","93708, 57856, 36529, 51515, 26445, 65378, 82518",9078,"7538, 4254, 1904",400,27
2026-06-10,Khánh Hòa,087038,07985,32147,"32276, 56291","53630, 28080, 28722, 29138, 61709, 53109, 41368",6592,"0631, 3069, 2118",217,78
2026-06-10,Phú Yên,988145,29551,45331,"71841, 76614","30399, 14161, 42794, 56124, 81320, 06841, 14675",2667,"7392, 7415, 9428",003,58
2026-06-10,Quảng Nam,275897,25090,86680,"32633, 00654","63577, 09361, 72267, 17375, 67301, 28032, 59466",9996,"2732, 6016, 3810",057,08
2026-06-10,Đà Nẵng,446670,08966,33220,"43071, 88640","02743, 44955, 83889, 60836, 96360, 52717, 89077",6539,"4411, 6387, 6458",554,05
2026-06-10,Đắk Lắk,397486,92051,20698,"88804, 32394","88550, 89483, 19375, 30887, 21394, 46200, 57115",2886,"1206, 5448, 4900",733,87
2026-06-11,Bình Định,752515,01062,01199,"47466, 01602","33968, 65584, 56910, 54945, 55688, 05683, 09241",0361,"5450, 5156, 5680",089,59
2026-06-11,Khánh Hòa,087038,07985,32147,"32276, 56291","53630, 28080, 28722, 29138, 61709, 53109, 41368",6592,"0631, 3069, 2118",217,78
2026-06-11,Quảng Bình,362449,40440,05482,"62856, 15081","99854, 45395, 99601, 94534, 51455, 16670, 35999",9383,"5060, 7071, 3964",167,66
2026-06-11,Quảng Nam,275897,25090,86680,"32633, 00654","63577, 09361, 72267, 17375, 67301, 28032, 59466",9996,"2732, 6016, 3810",057,08
2026-06-11,Quảng Trị,661167,88231,85371,"95425, 24082","72390, 73815, 79511, 31305, 76943, 73139, 85352",3473,"1057, 5157, 4511",771,21
2026-06-11,Đà Nẵng,446670,08966,33220,"43071, 88640","02743, 44955, 83889, 60836, 96360, 52717, 89077",6539,"4411, 6387, 6458",554,05
2026-06-11,Đắk Lắk,397486,92051,20698,"88804, 32394","88550, 89483, 19375, 30887, 21394, 46200, 57115",2886,"1206, 5448, 4900",733,87
2026-06-12,Bình Định,752515,01062,01199,"47466, 01602","33968, 65584, 56910, 54945, 55688, 05683, 09241",0361,"5450, 5156, 5680",089,59
2026-06-12,Gia Lai,417965,20090,57096,"51811, 20208","00525, 94871, 12185, 56999, 58094, 65174, 51356",3026,"1390, 4556, 6261",316,61
2026-06-12,Khánh Hòa,087038,07985,32147,"32276, 56291","53630, 28080, 28722, 29138, 61709, 53109, 41368",6592,"0631, 3069, 2118",217,78
2026-06-12,Ninh Thuận,200088,31014,89951,"60748, 12396","45912, 61970, 70018, 61473, 22087, 76955, 25336",7687,"2070, 0454, 6709",790,82
2026-06-12,Quảng Bình,362449,40440,05482,"62856, 15081","99854, 45395, 99601, 94534, 51455, 16670, 35999",9383,"5060, 7071, 3964",167,66
2026-06-12,Quảng Trị,661167,88231,85371,"95425, 24082","72390, 73815, 79511, 31305, 76943, 73139, 85352",3473,"1057, 5157, 4511",771,21
2026-06-12,Đà Nẵng,446670,08966,33220,"43071, 88640","02743, 44955, 83889, 60836, 96360, 52717, 89077",6539,"4411, 6387, 6458",554,05
2026-06-13,13/06/2026,700077,68094,18493,"74085, 35643","77013, 94082, 90312, 42347, 78711, 04158, 32948",5077,"8186, 5142, 6767",369,82
2026-06-13,Bình Định,752515,01062,01199,"47466, 01602","33968, 65584, 56910, 54945, 55688, 05683, 09241",0361,"5450, 5156, 5680",089,59
2026-06-13,Gia Lai,417965,20090,57096,"51811, 20208","00525, 94871, 12185, 56999, 58094, 65174, 51356",3026,"1390, 4556, 6261",316,61
2026-06-13,Ninh Thuận,200088,31014,89951,"60748, 12396","45912, 61970, 70018, 61473, 22087, 76955, 25336",7687,"2070, 0454, 6709",790,82
2026-06-13,Quảng Bình,362449,40440,05482,"62856, 15081","99854, 45395, 99601, 94534, 51455, 16670, 35999",9383,"5060, 7071, 3964",167,66
2026-06-13,Quảng Ngãi,861228,40198,87827,"00974, 52562","75484, 36442, 32815, 68983, 16808, 72051, 85324",6783,"8275, 2735, 7230",697,40
2026-06-13,Quảng Trị,661167,88231,85371,"95425, 24082","72390, 73815, 79511, 31305, 76943, 73139, 85352",3473,"1057, 5157, 4511",771,21
2026-06-13,Đà Nẵng,061809,24884,18514,"65649, 11585","03504, 24539, 43152, 35112, 61656, 16675, 70142",1739,"0314, 5674, 4561",771,54
2026-06-14,13/06/2026,700077,68094,18493,"74085, 35643","77013, 94082, 90312, 42347, 78711, 04158, 32948",5077,"8186, 5142, 6767",369,82
2026-06-14,14/06/2026,028536,37212,60858,"64388, 26609","96323, 24052, 90083, 28968, 18170, 37390, 88640",5271,"6853, 4100, 8144",613,31
2026-06-14,Gia Lai,417965,20090,57096,"51811, 20208","00525, 94871, 12185, 56999, 58094, 65174, 51356",3026,"1390, 4556, 6261",316,61
2026-06-14,Khánh Hòa,309580,23860,96426,"70829, 67954","31740, 97589, 98291, 63545, 58946, 06064, 53378",2833,"7984, 8651, 4941",390,40
2026-06-14,Kon Tum,645395,74137,98657,"14693, 98939","25062, 67523, 46741, 31089, 98717, 12138, 49836",8171,"3585, 6270, 4861",627,52
2026-06-14,Ninh Thuận,200088,31014,89951,"60748, 12396","45912, 61970, 70018, 61473, 22087, 76955, 25336",7687,"2070, 0454, 6709",790,82
2026-06-14,Quảng Ngãi,861228,40198,87827,"00974, 52562","75484, 36442, 32815, 68983, 16808, 72051, 85324",6783,"8275, 2735, 7230",697,40
2026-06-14,Đà Nẵng,061809,24884,18514,"65649, 11585","03504, 24539, 43152, 35112, 61656, 16675, 70142",1739,"0314, 5674, 4561",771,54
2026-06-15,13/06/2026,700077,68094,18493,"74085, 35643","77013, 94082, 90312, 42347, 78711, 04158, 32948",5077,"8186, 5142, 6767",369,82
2026-06-15,14/06/2026,028536,37212,60858,"64388, 26609","96323, 24052, 90083, 28968, 18170, 37390, 88640",5271,"6853, 4100, 8144",613,31
2026-06-15,15/06/2026,339761,75966,87093,"08643, 79054","99770, 29817, 67592, 80657, 88873, 60298, 09084",9594,"2831, 9542, 5417",674,36
2026-06-15,Khánh Hòa,309580,23860,96426,"70829, 67954","31740, 97589, 98291, 63545, 58946, 06064, 53378",2833,"7984, 8651, 4941",390,40
2026-06-15,Kon Tum,645395,74137,98657,"14693, 98939","25062, 67523, 46741, 31089, 98717, 12138, 49836",8171,"3585, 6270, 4861",627,52
2026-06-15,Phú Yên,610770,98313,94955,"47281, 18143","15689, 12048, 65228, 65361, 24511, 39406, 16362",4233,"3955, 4504, 4931",137,92
2026-06-15,Quảng Ngãi,861228,40198,87827,"00974, 52562","75484, 36442, 32815, 68983, 16808, 72051, 85324",6783,"8275, 2735, 7230",697,40
2026-06-15,Đà Nẵng,061809,24884,18514,"65649, 11585","03504, 24539, 43152, 35112, 61656, 16675, 70142",1739,"0314, 5674, 4561",771,54
2026-06-16,14/06/2026,028536,37212,60858,"64388, 26609","96323, 24052, 90083, 28968, 18170, 37390, 88640",5271,"6853, 4100, 8144",613,31
2026-06-16,15/06/2026,339761,75966,87093,"08643, 79054","99770, 29817, 67592, 80657, 88873, 60298, 09084",9594,"2831, 9542, 5417",674,36
2026-06-16,Khánh Hòa,309580,23860,96426,"70829, 67954","31740, 97589, 98291, 63545, 58946, 06064, 53378",2833,"7984, 8651, 4941",390,40
2026-06-16,Kon Tum,645395,74137,98657,"14693, 98939","25062, 67523, 46741, 31089, 98717, 12138, 49836",8171,"3585, 6270, 4861",627,52
2026-06-16,Phú Yên,610770,98313,94955,"47281, 18143","15689, 12048, 65228, 65361, 24511, 39406, 16362",4233,"3955, 4504, 4931",137,92
2026-06-16,Quảng Nam,611482,13235,87648,"89155, 87909","82129, 08082, 50839, 57002, 58088, 51321, 64948",7124,"9500, 3151, 9896",744,87
2026-06-16,Đắk Lắk,503026,15993,30818,"48089, 76377","05910, 54946, 14245, 12851, 11676, 95066, 03982",5725,"0053, 2702, 2487",461,48
2026-06-17,15/06/2026,339761,75966,87093,"08643, 79054","99770, 29817, 67592, 80657, 88873, 60298, 09084",9594,"2831, 9542, 5417",674,36
2026-06-17,Khánh Hòa,089399,33934,13157,"98052, 92923","98138, 41482, 89264, 60801, 17618, 48564, 80802",7717,"6932, 1660, 3996",572,03
2026-06-17,Phú Yên,610770,98313,94955,"47281, 18143","15689, 12048, 65228, 65361, 24511, 39406, 16362",4233,"3955, 4504, 4931",137,92
2026-06-17,Quảng Nam,611482,13235,87648,"89155, 87909","82129, 08082, 50839, 57002, 58088, 51321, 64948",7124,"9500, 3151, 9896",744,87
2026-06-17,Đà Nẵng,801196,76603,92700,"06340, 43842","58344, 39838, 31489, 49854, 95641, 80694, 55855",9539,"5961, 6616, 2393",563,75
2026-06-17,Đắk Lắk,503026,15993,30818,"48089, 76377","05910, 54946, 14245, 12851, 11676, 95066, 03982",5725,"0053, 2702, 2487",461,48
2026-06-18,Bình Định,191402,55932,19769,"01103, 01595","32137, 24640, 62606, 20438, 66673, 51448, 44795",3076,"5137, 6760, 8077",846,96
2026-06-18,Khánh Hòa,089399,33934,13157,"98052, 92923","98138, 41482, 89264, 60801, 17618, 48564, 80802",7717,"6932, 1660, 3996",572,03
2026-06-18,Quảng Bình,256886,10706,58226,"76683, 37473","15550, 91492, 53354, 30460, 49536, 30513, 89841",7403,"6810, 1913, 4706",904,85
2026-06-18,Quảng Nam,611482,13235,87648,"89155, 87909","82129, 08082, 50839, 57002, 58088, 51321, 64948",7124,"9500, 3151, 9896",744,87
2026-06-18,Quảng Trị,787673,58036,62655,"02105, 50511","19984, 86022, 71150, 66570, 58975, 44416, 82061",2925,"8196, 2833, 1665",879,66
2026-06-18,Đà Nẵng,801196,76603,92700,"06340, 43842","58344, 39838, 31489, 49854, 95641, 80694, 55855",9539,"5961, 6616, 2393",563,75
2026-06-18,Đắk Lắk,503026,15993,30818,"48089, 76377","05910, 54946, 14245, 12851, 11676, 95066, 03982",5725,"0053, 2702, 2487",461,48
2026-06-19,Bình Định,191402,55932,19769,"01103, 01595","32137, 24640, 62606, 20438, 66673, 51448, 44795",3076,"5137, 6760, 8077",846,96
2026-06-19,Gia Lai,386419,55853,54394,"53140, 25086","78234, 58965, 38090, 03562, 32228, 31937, 64708",1850,"6760, 4416, 7239",557,31
2026-06-19,Khánh Hòa,089399,33934,13157,"98052, 92923","98138, 41482, 89264, 60801, 17618, 48564, 80802",7717,"6932, 1660, 3996",572,03
2026-06-19,Ninh Thuận,244344,18095,76221,"14902, 53009","86777, 98769, 73797, 69587, 15647, 93932, 17739",8925,"2646, 3746, 8205",258,02
2026-06-19,Quảng Bình,256886,10706,58226,"76683, 37473","15550, 91492, 53354, 30460, 49536, 30513, 89841",7403,"6810, 1913, 4706",904,85
2026-06-19,Quảng Trị,787673,58036,62655,"02105, 50511","19984, 86022, 71150, 66570, 58975, 44416, 82061",2925,"8196, 2833, 1665",879,66
2026-06-19,Đà Nẵng,801196,76603,92700,"06340, 43842","58344, 39838, 31489, 49854, 95641, 80694, 55855",9539,"5961, 6616, 2393",563,75
2026-06-20,20/06/2026,144684,85625,61654,"98254, 67983","54366, 79015, 77367, 19680, 21882, 30379, 22678",0020,"4391, 5309, 9392",429,10
2026-06-20,Bình Định,191402,55932,19769,"01103, 01595","32137, 24640, 62606, 20438, 66673, 51448, 44795",3076,"5137, 6760, 8077",846,96
2026-06-20,Gia Lai,386419,55853,54394,"53140, 25086","78234, 58965, 38090, 03562, 32228, 31937, 64708",1850,"6760, 4416, 7239",557,31
2026-06-20,Ninh Thuận,244344,18095,76221,"14902, 53009","86777, 98769, 73797, 69587, 15647, 93932, 17739",8925,"2646, 3746, 8205",258,02
2026-06-20,Quảng Bình,256886,10706,58226,"76683, 37473","15550, 91492, 53354, 30460, 49536, 30513, 89841",7403,"6810, 1913, 4706",904,85
2026-06-20,Quảng Ngãi,394046,58819,79519,"66243, 48380","28326, 79261, 69043, 75894, 09471, 29740, 30804",3343,"8446, 9426, 8318",723,81
2026-06-20,Quảng Trị,787673,58036,62655,"02105, 50511","19984, 86022, 71150, 66570, 58975, 44416, 82061",2925,"8196, 2833, 1665",879,66
2026-06-20,Đà Nẵng,293184,14793,16941,"30950, 11562","03543, 76008, 26601, 35173, 98629, 38653, 06512",6136,"4017, 0552, 3750",811,83
2026-06-21,20/06/2026,144684,85625,61654,"98254, 67983","54366, 79015, 77367, 19680, 21882, 30379, 22678",0020,"4391, 5309, 9392",429,10
2026-06-21,21/06/2026,010504,96045,33279,"50647, 88841","82482, 40331, 59949, 52582, 54786, 56347, 37547",8847,"2745, 7974, 0244",069,49
2026-06-21,Gia Lai,386419,55853,54394,"53140, 25086","78234, 58965, 38090, 03562, 32228, 31937, 64708",1850,"6760, 4416, 7239",557,31
2026-06-21,Khánh Hòa,024130,62122,39826,"10827, 15443","76814, 78355, 81750, 72329, 80699, 51961, 53181",0220,"8271, 5840, 7257",393,93
2026-06-21,Kon Tum,777871,60043,36759,"49624, 01154","53781, 79221, 19245, 54235, 71960, 25087, 77088",6003,"0943, 1959, 2480",546,06
2026-06-21,Ninh Thuận,244344,18095,76221,"14902, 53009","86777, 98769, 73797, 69587, 15647, 93932, 17739",8925,"2646, 3746, 8205",258,02
2026-06-21,Quảng Ngãi,394046,58819,79519,"66243, 48380","28326, 79261, 69043, 75894, 09471, 29740, 30804",3343,"8446, 9426, 8318",723,81
2026-06-21,Đà Nẵng,293184,14793,16941,"30950, 11562","03543, 76008, 26601, 35173, 98629, 38653, 06512",6136,"4017, 0552, 3750",811,83
2026-06-22,20/06/2026,144684,85625,61654,"98254, 67983","54366, 79015, 77367, 19680, 21882, 30379, 22678",0020,"4391, 5309, 9392",429,10
2026-06-22,21/06/2026,010504,96045,33279,"50647, 88841","82482, 40331, 59949, 52582, 54786, 56347, 37547",8847,"2745, 7974, 0244",069,49
2026-06-22,22/06/2026,122206,85901,74557,"63545, 41808","48607, 92193, 33658, 00283, 75552, 48062, 33641",9655,"3200, 8783, 1819",828,43
2026-06-22,Khánh Hòa,024130,62122,39826,"10827, 15443","76814, 78355, 81750, 72329, 80699, 51961, 53181",0220,"8271, 5840, 7257",393,93
2026-06-22,Kon Tum,777871,60043,36759,"49624, 01154","53781, 79221, 19245, 54235, 71960, 25087, 77088",6003,"0943, 1959, 2480",546,06
2026-06-22,Phú Yên,957368,75346,86332,"82119, 29145","31203, 96119, 68441, 50791, 82344, 81347, 80469",7887,"2696, 8078, 9341",407,70
2026-06-22,Quảng Ngãi,394046,58819,79519,"66243, 48380","28326, 79261, 69043, 75894, 09471, 29740, 30804",3343,"8446, 9426, 8318",723,81
2026-06-22,Đà Nẵng,293184,14793,16941,"30950, 11562","03543, 76008, 26601, 35173, 98629, 38653, 06512",6136,"4017, 0552, 3750",811,83
2026-06-23,21/06/2026,010504,96045,33279,"50647, 88841","82482, 40331, 59949, 52582, 54786, 56347, 37547",8847,"2745, 7974, 0244",069,49
2026-06-23,22/06/2026,122206,85901,74557,"63545, 41808","48607, 92193, 33658, 00283, 75552, 48062, 33641",9655,"3200, 8783, 1819",828,43
2026-06-23,Khánh Hòa,024130,62122,39826,"10827, 15443","76814, 78355, 81750, 72329, 80699, 51961, 53181",0220,"8271, 5840, 7257",393,93
2026-06-23,Kon Tum,777871,60043,36759,"49624, 01154","53781, 79221, 19245, 54235, 71960, 25087, 77088",6003,"0943, 1959, 2480",546,06
2026-06-23,Phú Yên,957368,75346,86332,"82119, 29145","31203, 96119, 68441, 50791, 82344, 81347, 80469",7887,"2696, 8078, 9341",407,70
2026-06-23,Quảng Nam,548935,55753,22364,"20619, 96880","01592, 43462, 67296, 98002, 46445, 29680, 69777",9068,"2370, 5334, 4325",127,80
2026-06-23,Đắk Lắk,743275,07272,65258,"89640, 13576","59028, 85681, 86414, 85419, 20291, 77024, 33299",1645,"9290, 3974, 2230",927,42
2026-06-24,22/06/2026,122206,85901,74557,"63545, 41808","48607, 92193, 33658, 00283, 75552, 48062, 33641",9655,"3200, 8783, 1819",828,43
2026-06-24,Khánh Hòa,323992,74122,94328,"63631, 85489","56352, 96919, 38922, 15759, 58094, 23593, 06712",9943,"4222, 7727, 0232",677,81
2026-06-24,Phú Yên,957368,75346,86332,"82119, 29145","31203, 96119, 68441, 50791, 82344, 81347, 80469",7887,"2696, 8078, 9341",407,70
2026-06-24,Quảng Nam,548935,55753,22364,"20619, 96880","01592, 43462, 67296, 98002, 46445, 29680, 69777",9068,"2370, 5334, 4325",127,80
2026-06-24,Đà Nẵng,035170,76232,94872,"05155, 37357","69036, 80038, 38919, 21204, 12481, 01027, 14199",0325,"4833, 3349, 2742",512,72
2026-06-24,Đắk Lắk,743275,07272,65258,"89640, 13576","59028, 85681, 86414, 85419, 20291, 77024, 33299",1645,"9290, 3974, 2230",927,42
2026-06-25,Bình Định,579093,73622,18468,"26787, 31400","18419, 11371, 76839, 95393, 21782, 35041, 62997",5857,"8809, 0613, 9142",131,75
2026-06-25,Khánh Hòa,323992,74122,94328,"63631, 85489","56352, 96919, 38922, 15759, 58094, 23593, 06712",9943,"4222, 7727, 0232",677,81
2026-06-25,Quảng Bình,318032,84898,04001,"06020, 78058","89203, 64785, 72523, 91484, 71205, 30508, 18501",2717,"1153, 5878, 7560",916,69
2026-06-25,Quảng Nam,548935,55753,22364,"20619, 96880","01592, 43462, 67296, 98002, 46445, 29680, 69777",9068,"2370, 5334, 4325",127,80
2026-06-25,Quảng Trị,787705,58009,96448,"87555, 93861","26917, 19751, 95144, 61713, 59620, 76499, 99134",7801,"4127, 5706, 2796",664,62
2026-06-25,Đà Nẵng,035170,76232,94872,"05155, 37357","69036, 80038, 38919, 21204, 12481, 01027, 14199",0325,"4833, 3349, 2742",512,72
2026-06-25,Đắk Lắk,743275,07272,65258,"89640, 13576","59028, 85681, 86414, 85419, 20291, 77024, 33299",1645,"9290, 3974, 2230",927,42
2026-06-26,Bình Định,579093,73622,18468,"26787, 31400","18419, 11371, 76839, 95393, 21782, 35041, 62997",5857,"8809, 0613, 9142",131,75
2026-06-26,Gia Lai,520773,76101,33328,"51545, 16287","30499, 19103, 86790, 76416, 25964, 81520, 21143",1940,"8879, 6183, 2686",605,90
2026-06-26,Khánh Hòa,323992,74122,94328,"63631, 85489","56352, 96919, 38922, 15759, 58094, 23593, 06712",9943,"4222, 7727, 0232",677,81
2026-06-26,Ninh Thuận,443945,82379,24805,"77929, 97471","59641, 85329, 75869, 54519, 83757, 57043, 21967",9171,"3208, 2711, 9528",154,54
2026-06-26,Quảng Bình,318032,84898,04001,"06020, 78058","89203, 64785, 72523, 91484, 71205, 30508, 18501",2717,"1153, 5878, 7560",916,69
2026-06-26,Quảng Trị,787705,58009,96448,"87555, 93861","26917, 19751, 95144, 61713, 59620, 76499, 99134",7801,"4127, 5706, 2796",664,62
2026-06-26,Đà Nẵng,035170,76232,94872,"05155, 37357","69036, 80038, 38919, 21204, 12481, 01027, 14199",0325,"4833, 3349, 2742",512,72
2026-06-27,27/06/2026,985077,57732,53090,"50222, 49611","22069, 82470, 14797, 67051, 28982, 53006, 96717",4965,"4752, 0142, 2395",986,49
2026-06-27,Bình Định,579093,73622,18468,"26787, 31400","18419, 11371, 76839, 95393, 21782, 35041, 62997",5857,"8809, 0613, 9142",131,75
2026-06-27,Gia Lai,520773,76101,33328,"51545, 16287","30499, 19103, 86790, 76416, 25964, 81520, 21143",1940,"8879, 6183, 2686",605,90
2026-06-27,Ninh Thuận,443945,82379,24805,"77929, 97471","59641, 85329, 75869, 54519, 83757, 57043, 21967",9171,"3208, 2711, 9528",154,54
2026-06-27,Quảng Bình,318032,84898,04001,"06020, 78058","89203, 64785, 72523, 91484, 71205, 30508, 18501",2717,"1153, 5878, 7560",916,69
2026-06-27,Quảng Ngãi,427822,53823,27835,"67174, 95568","00605, 10644, 43792, 58812, 08837, 49727, 77010",8829,"2816, 6011, 1525",645,86
2026-06-27,Quảng Trị,787705,58009,96448,"87555, 93861","26917, 19751, 95144, 61713, 59620, 76499, 99134",7801,"4127, 5706, 2796",664,62
2026-06-27,Đà Nẵng,911019,43413,88197,"03858, 31569","08966, 63895, 96256, 65258, 62202, 22224, 59970",6002,"8879, 4045, 3608",778,04
2026-06-28,27/06/2026,985077,57732,53090,"50222, 49611","22069, 82470, 14797, 67051, 28982, 53006, 96717",4965,"4752, 0142, 2395",986,49
2026-06-28,28/06/2026,482089,62264,14536,"21756, 81494","14693, 12505, 22841, 79479, 20428, 79415, 66438",6197,"0806, 3375, 1497",428,89
2026-06-28,Gia Lai,520773,76101,33328,"51545, 16287","30499, 19103, 86790, 76416, 25964, 81520, 21143",1940,"8879, 6183, 2686",605,90
2026-06-28,Khánh Hòa,866764,64297,42723,"14592, 47139","99249, 59052, 97722, 47862, 97442, 96757, 75611",6221,"4025, 8532, 1027",904,51
2026-06-28,Kon Tum,738732,58856,70429,"44397, 48798","89500, 70200, 84508, 15115, 88472, 03531, 58314",3106,"0680, 2198, 1449",493,61
2026-06-28,Ninh Thuận,443945,82379,24805,"77929, 97471","59641, 85329, 75869, 54519, 83757, 57043, 21967",9171,"3208, 2711, 9528",154,54
2026-06-28,Quảng Ngãi,427822,53823,27835,"67174, 95568","00605, 10644, 43792, 58812, 08837, 49727, 77010",8829,"2816, 6011, 1525",645,86
2026-06-28,Đà Nẵng,911019,43413,88197,"03858, 31569","08966, 63895, 96256, 65258, 62202, 22224, 59970",6002,"8879, 4045, 3608",778,04
2026-06-29,27/06/2026,985077,57732,53090,"50222, 49611","22069, 82470, 14797, 67051, 28982, 53006, 96717",4965,"4752, 0142, 2395",986,49
2026-06-29,28/06/2026,482089,62264,14536,"21756, 81494","14693, 12505, 22841, 79479, 20428, 79415, 66438",6197,"0806, 3375, 1497",428,89
2026-06-29,29/06/2026,475909,43027,14684,"14379, 98713","12813, 12455, 23938, 77682, 40868, 90555, 12416",3300,"0780, 2946, 4465",177,23
2026-06-29,Khánh Hòa,866764,64297,42723,"14592, 47139","99249, 59052, 97722, 47862, 97442, 96757, 75611",6221,"4025, 8532, 1027",904,51
2026-06-29,Kon Tum,738732,58856,70429,"44397, 48798","89500, 70200, 84508, 15115, 88472, 03531, 58314",3106,"0680, 2198, 1449",493,61
2026-06-29,Phú Yên,325404,59091,57931,"31658, 29350","23682, 60606, 99169, 53732, 73599, 63934, 99409",6977,"9055, 9726, 4392",245,46
2026-06-29,Quảng Ngãi,427822,53823,27835,"67174, 95568","00605, 10644, 43792, 58812, 08837, 49727, 77010",8829,"2816, 6011, 1525",645,86
2026-06-29,Đà Nẵng,911019,43413,88197,"03858, 31569","08966, 63895, 96256, 65258, 62202, 22224, 59970",6002,"8879, 4045, 3608",778,04
2026-06-30,28/06/2026,482089,62264,14536,"21756, 81494","14693, 12505, 22841, 79479, 20428, 79415, 66438",6197,"0806, 3375, 1497",428,89
2026-06-30,29/06/2026,475909,43027,14684,"14379, 98713","12813, 12455, 23938, 77682, 40868, 90555, 12416",3300,"0780, 2946, 4465",177,23
2026-06-30,Khánh Hòa,866764,64297,42723,"14592, 47139","99249, 59052, 97722, 47862, 97442, 96757, 75611",6221,"4025, 8532, 1027",904,51
2026-06-30,Kon Tum,738732,58856,70429,"44397, 48798","89500, 70200, 84508, 15115, 88472, 03531, 58314",3106,"0680, 2198, 1449",493,61
2026-06-30,Phú Yên,325404,59091,57931,"31658, 29350","23682, 60606, 99169, 53732, 73599, 63934, 99409",6977,"9055, 9726, 4392",245,46
2026-06-30,Quảng Nam,926537,84371,58368,"76289, 57019","95752, 72657, 00770, 41177, 59633, 91064, 19552",2154,"1951, 8183, 1794",097,82
2026-06-30,Đắk Lắk,134812,25482,40839,"19701, 52102","36078, 28329, 29861, 43814, 15339, 45283, 74139",9028,"9766, 0307, 5832",865,35
2026-07-01,29/06/2026,475909,43027,14684,"14379, 98713","12813, 12455, 23938, 77682, 40868, 90555, 12416",3300,"0780, 2946, 4465",177,23
2026-07-01,Khánh Hòa,835168,51255,43844,"49671, 03438","99320, 19254, 37559, 27469, 30568, 09735, 58095",0837,"1578, 6872, 1946",495,01
2026-07-01,Phú Yên,325404,59091,57931,"31658, 29350","23682, 60606, 99169, 53732, 73599, 63934, 99409",6977,"9055, 9726, 4392",245,46
2026-07-01,Quảng Nam,926537,84371,58368,"76289, 57019","95752, 72657, 00770, 41177, 59633, 91064, 19552",2154,"1951, 8183, 1794",097,82
2026-07-01,Đà Nẵng,310566,96472,89841,"23603, 40021","45967, 30572, 92576, 33867, 87781, 70350, 73249",4840,"5821, 3111, 1127",204,21
2026-07-01,Đắk Lắk,134812,25482,40839,"19701, 52102","36078, 28329, 29861, 43814, 15339, 45283, 74139",9028,"9766, 0307, 5832",865,35
2026-07-02,Bình Định,709529,23293,20314,"29187, 69886","44223, 52165, 18668, 87065, 38065, 06382, 82526",3837,"5385, 8150, 8926",412,78
2026-07-02,Khánh Hòa,835168,51255,43844,"49671, 03438","99320, 19254, 37559, 27469, 30568, 09735, 58095",0837,"1578, 6872, 1946",495,01
2026-07-02,Quảng Bình,702668,88873,97722,"96109, 92468","18939, 02341, 42261, 20826, 55653, 16335, 58015",0173,"3437, 5069, 0924",086,10
2026-07-02,Quảng Nam,926537,84371,58368,"76289, 57019","95752, 72657, 00770, 41177, 59633, 91064, 19552",2154,"1951, 8183, 1794",097,82
2026-07-02,Quảng Trị,469855,49940,60820,"32658, 48176","92200, 09317, 22048, 96892, 71675, 12402, 48625",4626,"4990, 0341, 0124",095,52
2026-07-02,Đà Nẵng,310566,96472,89841,"23603, 40021","45967, 30572, 92576, 33867, 87781, 70350, 73249",4840,"5821, 3111, 1127",204,21
2026-07-02,Đắk Lắk,134812,25482,40839,"19701, 52102","36078, 28329, 29861, 43814, 15339, 45283, 74139",9028,"9766, 0307, 5832",865,35
2026-07-03,Bình Định,709529,23293,20314,"29187, 69886","44223, 52165, 18668, 87065, 38065, 06382, 82526",3837,"5385, 8150, 8926",412,78
2026-07-03,Gia Lai,072277,23281,28369,"42971, 10479","49146, 95513, 14955, 75289, 48046, 36599, 64986",3782,"2679, 7893, 3378",887,66
2026-07-03,Khánh Hòa,835168,51255,43844,"49671, 03438","99320, 19254, 37559, 27469, 30568, 09735, 58095",0837,"1578, 6872, 1946",495,01
2026-07-03,Ninh Thuận,364600,82731,49705,"27854, 71139","77560, 09660, 84145, 51169, 90263, 91173, 19529",4301,"0618, 5735, 6554",554,61
2026-07-03,Quảng Bình,702668,88873,97722,"96109, 92468","18939, 02341, 42261, 20826, 55653, 16335, 58015",0173,"3437, 5069, 0924",086,10
2026-07-03,Quảng Trị,469855,49940,60820,"32658, 48176","92200, 09317, 22048, 96892, 71675, 12402, 48625",4626,"4990, 0341, 0124",095,52
2026-07-03,Đà Nẵng,310566,96472,89841,"23603, 40021","45967, 30572, 92576, 33867, 87781, 70350, 73249",4840,"5821, 3111, 1127",204,21
2026-07-04,04/07/2026,475467,56268,49985,"09291, 20376","51952, 32587, 72998, 32237, 52194, 01896, 93833",5471,"5095, 7954, 4518",732,56
2026-07-04,Bình Định,709529,23293,20314,"29187, 69886","44223, 52165, 18668, 87065, 38065, 06382, 82526",3837,"5385, 8150, 8926",412,78
2026-07-04,Gia Lai,072277,23281,28369,"42971, 10479","49146, 95513, 14955, 75289, 48046, 36599, 64986",3782,"2679, 7893, 3378",887,66
2026-07-04,Ninh Thuận,364600,82731,49705,"27854, 71139","77560, 09660, 84145, 51169, 90263, 91173, 19529",4301,"0618, 5735, 6554",554,61
2026-07-04,Quảng Bình,702668,88873,97722,"96109, 92468","18939, 02341, 42261, 20826, 55653, 16335, 58015",0173,"3437, 5069, 0924",086,10
2026-07-04,Quảng Ngãi,257327,81111,00288,"74464, 55620","63002, 92705, 54886, 30288, 38069, 83370, 00534",9419,"9333, 9784, 5950",801,56
2026-07-04,Quảng Trị,469855,49940,60820,"32658, 48176","92200, 09317, 22048, 96892, 71675, 12402, 48625",4626,"4990, 0341, 0124",095,52
2026-07-04,Đà Nẵng,912568,81416,06627,"79831, 78011","87385, 58945, 65793, 12271, 61378, 09870, 53761",9063,"6611, 9842, 2351",285,78
2026-07-05,04/07/2026,475467,56268,49985,"09291, 20376","51952, 32587, 72998, 32237, 52194, 01896, 93833",5471,"5095, 7954, 4518",732,56
2026-07-05,05/07/2026,318927,48387,22957,"41587, 19646","60242, 17809, 19296, 79100, 46440, 02934, 03474",7471,"7197, 5591, 4190",390,12
2026-07-05,Gia Lai,072277,23281,28369,"42971, 10479","49146, 95513, 14955, 75289, 48046, 36599, 64986",3782,"2679, 7893, 3378",887,66
2026-07-05,Khánh Hòa,326063,33780,90374,"74635, 07311","41086, 01024, 13066, 39502, 99050, 54892, 42596",8688,"7724, 3711, 5653",964,84
2026-07-05,Kon Tum,818561,63266,27516,"24711, 03455","44809, 62389, 20237, 85660, 88080, 41758, 76453",2274,"8007, 4225, 4950",245,07
2026-07-05,Ninh Thuận,364600,82731,49705,"27854, 71139","77560, 09660, 84145, 51169, 90263, 91173, 19529",4301,"0618, 5735, 6554",554,61
2026-07-05,Quảng Ngãi,257327,81111,00288,"74464, 55620","63002, 92705, 54886, 30288, 38069, 83370, 00534",9419,"9333, 9784, 5950",801,56
2026-07-05,Đà Nẵng,912568,81416,06627,"79831, 78011","87385, 58945, 65793, 12271, 61378, 09870, 53761",9063,"6611, 9842, 2351",285,78
2026-07-06,04/07/2026,475467,56268,49985,"09291, 20376","51952, 32587, 72998, 32237, 52194, 01896, 93833",5471,"5095, 7954, 4518",732,56
2026-07-06,05/07/2026,318927,48387,22957,"41587, 19646","60242, 17809, 19296, 79100, 46440, 02934, 03474",7471,"7197, 5591, 4190",390,12
2026-07-06,06/07/2026,110194,07803,94339,"30349, 07846","73282, 01930, 03127, 00465, 54331, 53555, 43082",6328,"2412, 9388, 2010",859,73
2026-07-06,Khánh Hòa,326063,33780,90374,"74635, 07311","41086, 01024, 13066, 39502, 99050, 54892, 42596",8688,"7724, 3711, 5653",964,84
2026-07-06,Kon Tum,818561,63266,27516,"24711, 03455","44809, 62389, 20237, 85660, 88080, 41758, 76453",2274,"8007, 4225, 4950",245,07
2026-07-06,Phú Yên,197681,93655,83913,"09617, 65729","73090, 97811, 95246, 32447, 04783, 42678, 41924",1993,"9557, 2871, 6880",033,61
2026-07-06,Quảng Ngãi,257327,81111,00288,"74464, 55620","63002, 92705, 54886, 30288, 38069, 83370, 00534",9419,"9333, 9784, 5950",801,56
2026-07-06,Đà Nẵng,912568,81416,06627,"79831, 78011","87385, 58945, 65793, 12271, 61378, 09870, 53761",9063,"6611, 9842, 2351",285,78
2026-07-07,05/07/2026,318927,48387,22957,"41587, 19646","60242, 17809, 19296, 79100, 46440, 02934, 03474",7471,"7197, 5591, 4190",390,12
2026-07-07,06/07/2026,110194,07803,94339,"30349, 07846","73282, 01930, 03127, 00465, 54331, 53555, 43082",6328,"2412, 9388, 2010",859,73
2026-07-07,Khánh Hòa,326063,33780,90374,"74635, 07311","41086, 01024, 13066, 39502, 99050, 54892, 42596",8688,"7724, 3711, 5653",964,84
2026-07-07,Kon Tum,818561,63266,27516,"24711, 03455","44809, 62389, 20237, 85660, 88080, 41758, 76453",2274,"8007, 4225, 4950",245,07
2026-07-07,Phú Yên,197681,93655,83913,"09617, 65729","73090, 97811, 95246, 32447, 04783, 42678, 41924",1993,"9557, 2871, 6880",033,61
2026-07-07,Quảng Nam,353672,57600,80166,"58328, 68446","44874, 52886, 39923, 46935, 49045, 37786, 15570",2647,"4919, 1087, 6619",685,99
2026-07-07,Đắk Lắk,620584,72951,04057,"78786, 68712","81770, 90921, 55452, 76845, 33316, 37171, 02846",4406,"2932, 9553, 7340",572,36
2026-07-08,06/07/2026,110194,07803,94339,"30349, 07846","73282, 01930, 03127, 00465, 54331, 53555, 43082",6328,"2412, 9388, 2010",859,73
2026-07-08,Khánh Hòa,918917,49246,34174,"53763, 80018","06448, 42825, 02908, 46814, 55279, 83027, 62021",0140,"6107, 9681, 1214",414,34
2026-07-08,Phú Yên,197681,93655,83913,"09617, 65729","73090, 97811, 95246, 32447, 04783, 42678, 41924",1993,"9557, 2871, 6880",033,61
2026-07-08,Quảng Nam,353672,57600,80166,"58328, 68446","44874, 52886, 39923, 46935, 49045, 37786, 15570",2647,"4919, 1087, 6619",685,99
2026-07-08,Đà Nẵng,690396,19145,83614,"23949, 31214","01487, 77222, 47980, 42374, 66029, 96979, 57754",5513,"7529, 3389, 2638",856,53
2026-07-08,Đắk Lắk,620584,72951,04057,"78786, 68712","81770, 90921, 55452, 76845, 33316, 37171, 02846",4406,"2932, 9553, 7340",572,36
2026-07-09,Bình Định,497086,01997,40990,"81694, 23450","09603, 49581, 22832, 54104, 97238, 71806, 43790",9946,"8236, 2484, 5511",000,33
2026-07-09,Khánh Hòa,918917,49246,34174,"53763, 80018","06448, 42825, 02908, 46814, 55279, 83027, 62021",0140,"6107, 9681, 1214",414,34
2026-07-09,Quảng Bình,988594,41870,43372,"84580, 85081","51939, 16989, 81419, 49262, 30653, 10137, 83320",9808,"3910, 9621, 4747",368,41
2026-07-09,Quảng Nam,353672,57600,80166,"58328, 68446","44874, 52886, 39923, 46935, 49045, 37786, 15570",2647,"4919, 1087, 6619",685,99
2026-07-09,Quảng Trị,269423,88514,38481,"90823, 92619","33001, 36871, 99030, 73078, 20368, 86577, 33649",4379,"0439, 7186, 0773",509,82
2026-07-09,Đà Nẵng,690396,19145,83614,"23949, 31214","01487, 77222, 47980, 42374, 66029, 96979, 57754",5513,"7529, 3389, 2638",856,53
2026-07-09,Đắk Lắk,620584,72951,04057,"78786, 68712","81770, 90921, 55452, 76845, 33316, 37171, 02846",4406,"2932, 9553, 7340",572,36
2026-07-10,Bình Định,497086,01997,40990,"81694, 23450","09603, 49581, 22832, 54104, 97238, 71806, 43790",9946,"8236, 2484, 5511",000,33
2026-07-10,Gia Lai,725065,24605,36139,"25421, 30224","18244, 71129, 73904, 81468, 71438, 83502, 71475",5723,"6654, 1905, 4339",200,95
2026-07-10,Khánh Hòa,918917,49246,34174,"53763, 80018","06448, 42825, 02908, 46814, 55279, 83027, 62021",0140,"6107, 9681, 1214",414,34
2026-07-10,Ninh Thuận,325299,88732,58893,"83006, 72043","88614, 07418, 97383, 05159, 33286, 76643, 17753",6037,"7101, 6885, 1149",930,22
2026-07-10,Quảng Bình,988594,41870,43372,"84580, 85081","51939, 16989, 81419, 49262, 30653, 10137, 83320",9808,"3910, 9621, 4747",368,41
2026-07-10,Quảng Trị,269423,88514,38481,"90823, 92619","33001, 36871, 99030, 73078, 20368, 86577, 33649",4379,"0439, 7186, 0773",509,82
2026-07-10,Đà Nẵng,690396,19145,83614,"23949, 31214","01487, 77222, 47980, 42374, 66029, 96979, 57754",5513,"7529, 3389, 2638",856,53
2026-07-11,11/07/2026,664135,13161,86985,"47857, 77427","30526, 68121, 49564, 40869, 70652, 17346, 77450",4923,"4478, 3116, 3895",031,46
2026-07-11,Bình Định,497086,01997,40990,"81694, 23450","09603, 49581, 22832, 54104, 97238, 71806, 43790",9946,"8236, 2484, 5511",000,33
2026-07-11,Gia Lai,725065,24605,36139,"25421, 30224","18244, 71129, 73904, 81468, 71438, 83502, 71475",5723,"6654, 1905, 4339",200,95
2026-07-11,Ninh Thuận,325299,88732,58893,"83006, 72043","88614, 07418, 97383, 05159, 33286, 76643, 17753",6037,"7101, 6885, 1149",930,22
2026-07-11,Quảng Bình,988594,41870,43372,"84580, 85081","51939, 16989, 81419, 49262, 30653, 10137, 83320",9808,"3910, 9621, 4747",368,41
2026-07-11,Quảng Ngãi,260393,13474,35630,"19932, 04600","95608, 61854, 00617, 45289, 44317, 68623, 17820",2844,"1912, 8887, 6831",647,99
2026-07-11,Quảng Trị,269423,88514,38481,"90823, 92619","33001, 36871, 99030, 73078, 20368, 86577, 33649",4379,"0439, 7186, 0773",509,82
2026-07-11,Đà Nẵng,458364,98369,11103,"66973, 53762","46680, 56731, 88292, 55781, 08386, 28820, 35717",9764,"8781, 1171, 9329",172,03
2026-07-12,11/07/2026,664135,13161,86985,"47857, 77427","30526, 68121, 49564, 40869, 70652, 17346, 77450",4923,"4478, 3116, 3895",031,46
2026-07-12,12/07/2026,010042,07554,86182,"17579, 33043","58752, 13781, 20371, 97318, 61022, 66612, 31767",0313,"7798, 2833, 8881",565,88
2026-07-12,Gia Lai,725065,24605,36139,"25421, 30224","18244, 71129, 73904, 81468, 71438, 83502, 71475",5723,"6654, 1905, 4339",200,95
2026-07-12,Khánh Hòa,437936,66267,05845,"78059, 24566","63804, 73588, 30479, 06527, 58990, 90754, 78132",3949,"5556, 4073, 0942",147,10
2026-07-12,Kon Tum,613301,68587,44666,"90096, 09408","21413, 98780, 99766, 02973, 32709, 22164, 38583",2472,"1058, 5641, 9507",344,00
2026-07-12,Ninh Thuận,325299,88732,58893,"83006, 72043","88614, 07418, 97383, 05159, 33286, 76643, 17753",6037,"7101, 6885, 1149",930,22
2026-07-12,Quảng Ngãi,260393,13474,35630,"19932, 04600","95608, 61854, 00617, 45289, 44317, 68623, 17820",2844,"1912, 8887, 6831",647,99
2026-07-12,Đà Nẵng,458364,98369,11103,"66973, 53762","46680, 56731, 88292, 55781, 08386, 28820, 35717",9764,"8781, 1171, 9329",172,03
2026-07-13,11/07/2026,664135,13161,86985,"47857, 77427","30526, 68121, 49564, 40869, 70652, 17346, 77450",4923,"4478, 3116, 3895",031,46
2026-07-13,12/07/2026,010042,07554,86182,"17579, 33043","58752, 13781, 20371, 97318, 61022, 66612, 31767",0313,"7798, 2833, 8881",565,88
2026-07-13,13/07/2026,306089,06663,61821,"28203, 63163","03492, 74893, 78047, 73483, 57356, 37339, 74770",0586,"6230, 3033, 8957",786,79
2026-07-13,Khánh Hòa,437936,66267,05845,"78059, 24566","63804, 73588, 30479, 06527, 58990, 90754, 78132",3949,"5556, 4073, 0942",147,10
2026-07-13,Kon Tum,613301,68587,44666,"90096, 09408","21413, 98780, 99766, 02973, 32709, 22164, 38583",2472,"1058, 5641, 9507",344,00
2026-07-13,Phú Yên,297580,07887,74114,"86127, 32658","25594, 97927, 18572, 50664, 79014, 09020, 54556",6316,"8565, 7678, 5128",248,42
2026-07-13,Quảng Ngãi,260393,13474,35630,"19932, 04600","95608, 61854, 00617, 45289, 44317, 68623, 17820",2844,"1912, 8887, 6831",647,99
2026-07-13,Đà Nẵng,458364,98369,11103,"66973, 53762","46680, 56731, 88292, 55781, 08386, 28820, 35717",9764,"8781, 1171, 9329",172,03
2026-07-14,12/07/2026,010042,07554,86182,"17579, 33043","58752, 13781, 20371, 97318, 61022, 66612, 31767",0313,"7798, 2833, 8881",565,88
2026-07-14,13/07/2026,306089,06663,61821,"28203, 63163","03492, 74893, 78047, 73483, 57356, 37339, 74770",0586,"6230, 3033, 8957",786,79
2026-07-14,Khánh Hòa,437936,66267,05845,"78059, 24566","63804, 73588, 30479, 06527, 58990, 90754, 78132",3949,"5556, 4073, 0942",147,10
2026-07-14,Kon Tum,613301,68587,44666,"90096, 09408","21413, 98780, 99766, 02973, 32709, 22164, 38583",2472,"1058, 5641, 9507",344,00
2026-07-14,Phú Yên,297580,07887,74114,"86127, 32658","25594, 97927, 18572, 50664, 79014, 09020, 54556",6316,"8565, 7678, 5128",248,42
2026-07-14,Quảng Nam,209390,32093,16738,"28315, 49381","91120, 72571, 98491, 25950, 66172, 95354, 71384",6032,"4753, 6968, 2576",453,98
2026-07-14,Đắk Lắk,968054,19211,91929,"80290, 54760","36962, 41295, 40381, 40210, 53338, 14699, 66948",3419,"9014, 1169, 3661",918,36
2026-07-15,13/07/2026,306089,06663,61821,"28203, 63163","03492, 74893, 78047, 73483, 57356, 37339, 74770",0586,"6230, 3033, 8957",786,79
2026-07-15,Khánh Hòa,193826,92329,25997,"56183, 77559","49055, 57346, 90325, 24231, 25640, 75688, 59596",8957,"4395, 1897, 3188",482,57
2026-07-15,Phú Yên,297580,07887,74114,"86127, 32658","25594, 97927, 18572, 50664, 79014, 09020, 54556",6316,"8565, 7678, 5128",248,42
2026-07-15,Quảng Nam,209390,32093,16738,"28315, 49381","91120, 72571, 98491, 25950, 66172, 95354, 71384",6032,"4753, 6968, 2576",453,98
2026-07-15,Đà Nẵng,257930,02324,89357,"35232, 20142","82751, 07654, 53578, 15121, 32851, 61686, 36651",5676,"6751, 2917, 5233",402,90
2026-07-15,Đắk Lắk,968054,19211,91929,"80290, 54760","36962, 41295, 40381, 40210, 53338, 14699, 66948",3419,"9014, 1169, 3661",918,36
2026-07-16,Bình Định,715419,09083,54531,"98559, 04854","26851, 73967, 71546, 07664, 99089, 91077, 00822",5182,"3790, 3751, 6381",361,34
2026-07-16,Khánh Hòa,193826,92329,25997,"56183, 77559","49055, 57346, 90325, 24231, 25640, 75688, 59596",8957,"4395, 1897, 3188",482,57
2026-07-16,Quảng Bình,751697,48830,51087,"72165, 34773","18431, 46516, 13064, 62489, 19468, 31789, 65155",7759,"2776, 2747, 8717",441,50
2026-07-16,Quảng Nam,209390,32093,16738,"28315, 49381","91120, 72571, 98491, 25950, 66172, 95354, 71384",6032,"4753, 6968, 2576",453,98
2026-07-16,Quảng Trị,199063,10533,91804,"76033, 25272","56700, 01507, 37693, 46593, 81787, 03533, 36122",5761,"4138, 3118, 4314",159,75
2026-07-16,Đà Nẵng,257930,02324,89357,"35232, 20142","82751, 07654, 53578, 15121, 32851, 61686, 36651",5676,"6751, 2917, 5233",402,90
2026-07-16,Đắk Lắk,968054,19211,91929,"80290, 54760","36962, 41295, 40381, 40210, 53338, 14699, 66948",3419,"9014, 1169, 3661",918,36
2026-07-17,Bình Định,715419,09083,54531,"98559, 04854","26851, 73967, 71546, 07664, 99089, 91077, 00822",5182,"3790, 3751, 6381",361,34
2026-07-17,Gia Lai,592264,15304,47082,"60706, 63268","14141, 34116, 61066, 41687, 79530, 26614, 68877",0305,"5750, 7951, 0006",605,23
2026-07-17,Khánh Hòa,193826,92329,25997,"56183, 77559","49055, 57346, 90325, 24231, 25640, 75688, 59596",8957,"4395, 1897, 3188",482,57
2026-07-17,Ninh Thuận,235581,36380,81978,"95282, 43636","35810, 74870, 01411, 74070, 79993, 55261, 37288",1402,"2035, 2386, 5987",743,86
2026-07-17,Quảng Bình,751697,48830,51087,"72165, 34773","18431, 46516, 13064, 62489, 19468, 31789, 65155",7759,"2776, 2747, 8717",441,50
2026-07-17,Quảng Trị,199063,10533,91804,"76033, 25272","56700, 01507, 37693, 46593, 81787, 03533, 36122",5761,"4138, 3118, 4314",159,75
2026-07-17,Đà Nẵng,257930,02324,89357,"35232, 20142","82751, 07654, 53578, 15121, 32851, 61686, 36651",5676,"6751, 2917, 5233",402,90
2026-07-18,18/07/2026,858350,19204,32292,"26532, 13442","46880, 45220, 35402, 31779, 57159, 07856, 90973",5344,"4489, 1272, 5154",064,06
2026-07-18,Bình Định,715419,09083,54531,"98559, 04854","26851, 73967, 71546, 07664, 99089, 91077, 00822",5182,"3790, 3751, 6381",361,34
2026-07-18,Gia Lai,592264,15304,47082,"60706, 63268","14141, 34116, 61066, 41687, 79530, 26614, 68877",0305,"5750, 7951, 0006",605,23
2026-07-18,Ninh Thuận,235581,36380,81978,"95282, 43636","35810, 74870, 01411, 74070, 79993, 55261, 37288",1402,"2035, 2386, 5987",743,86
2026-07-18,Quảng Bình,751697,48830,51087,"72165, 34773","18431, 46516, 13064, 62489, 19468, 31789, 65155",7759,"2776, 2747, 8717",441,50
2026-07-18,Quảng Ngãi,206975,73420,17832,"65665, 92443","17224, 65058, 49833, 23763, 52473, 03097, 85368",7496,"0569, 3604, 1039",909,24
2026-07-18,Quảng Trị,199063,10533,91804,"76033, 25272","56700, 01507, 37693, 46593, 81787, 03533, 36122",5761,"4138, 3118, 4314",159,75
2026-07-18,Đà Nẵng,874942,82002,50534,"79830, 62883","35811, 55474, 30538, 48532, 82134, 58728, 72971",2446,"6523, 6682, 2973",174,28
2026-07-19,18/07/2026,858350,19204,32292,"26532, 13442","46880, 45220, 35402, 31779, 57159, 07856, 90973",5344,"4489, 1272, 5154",064,06
2026-07-19,19/07/2026,136472,24364,86743,"44907, 58362","68004, 73671, 86048, 16205, 35765, 38790, 17679",2492,"1681, 1204, 2389",186,44
2026-07-19,Gia Lai,592264,15304,47082,"60706, 63268","14141, 34116, 61066, 41687, 79530, 26614, 68877",0305,"5750, 7951, 0006",605,23
2026-07-19,Khánh Hòa,048363,84290,02883,"38024, 75151","64467, 33451, 43916, 67060, 99831, 31952, 41050",4023,"5410, 8953, 6326",727,44
2026-07-19,Kon Tum,359736,93485,61793,"67790, 16032","81110, 11379, 27482, 00670, 94760, 20592, 09964",0842,"5799, 1977, 3820",079,06
2026-07-19,Ninh Thuận,235581,36380,81978,"95282, 43636","35810, 74870, 01411, 74070, 79993, 55261, 37288",1402,"2035, 2386, 5987",743,86
2026-07-19,Quảng Ngãi,206975,73420,17832,"65665, 92443","17224, 65058, 49833, 23763, 52473, 03097, 85368",7496,"0569, 3604, 1039",909,24
2026-07-19,Đà Nẵng,874942,82002,50534,"79830, 62883","35811, 55474, 30538, 48532, 82134, 58728, 72971",2446,"6523, 6682, 2973",174,28
2026-07-20,18/07/2026,858350,19204,32292,"26532, 13442","46880, 45220, 35402, 31779, 57159, 07856, 90973",5344,"4489, 1272, 5154",064,06
2026-07-20,19/07/2026,136472,24364,86743,"44907, 58362","68004, 73671, 86048, 16205, 35765, 38790, 17679",2492,"1681, 1204, 2389",186,44
2026-07-20,20/07/2026,586052,70119,61731,"53485, 17971","93853, 59479, 82490, 87766, 66631, 37210, 45549",9889,"2909, 5178, 9198",151,68
2026-07-20,Khánh Hòa,048363,84290,02883,"38024, 75151","64467, 33451, 43916, 67060, 99831, 31952, 41050",4023,"5410, 8953, 6326",727,44
2026-07-20,Kon Tum,359736,93485,61793,"67790, 16032","81110, 11379, 27482, 00670, 94760, 20592, 09964",0842,"5799, 1977, 3820",079,06
2026-07-20,Phú Yên,666290,94304,96341,"77045, 86960","16750, 91387, 23795, 31792, 16834, 29221, 38083",5116,"2436, 0682, 7098",504,88
2026-07-20,Quảng Ngãi,206975,73420,17832,"65665, 92443","17224, 65058, 49833, 23763, 52473, 03097, 85368",7496,"0569, 3604, 1039",909,24
2026-07-20,Đà Nẵng,874942,82002,50534,"79830, 62883","35811, 55474, 30538, 48532, 82134, 58728, 72971",2446,"6523, 6682, 2973",174,28
2026-07-21,19/07/2026,136472,24364,86743,"44907, 58362","68004, 73671, 86048, 16205, 35765, 38790, 17679",2492,"1681, 1204, 2389",186,44
2026-07-21,20/07/2026,586052,70119,61731,"53485, 17971","93853, 59479, 82490, 87766, 66631, 37210, 45549",9889,"2909, 5178, 9198",151,68
2026-07-21,Khánh Hòa,048363,84290,02883,"38024, 75151","64467, 33451, 43916, 67060, 99831, 31952, 41050",4023,"5410, 8953, 6326",727,44
2026-07-21,Kon Tum,359736,93485,61793,"67790, 16032","81110, 11379, 27482, 00670, 94760, 20592, 09964",0842,"5799, 1977, 3820",079,06
2026-07-21,Phú Yên,666290,94304,96341,"77045, 86960","16750, 91387, 23795, 31792, 16834, 29221, 38083",5116,"2436, 0682, 7098",504,88
2026-07-21,Quảng Nam,330877,01592,84453,"15619, 18973","05558, 22536, 89219, 80435, 95426, 89548, 77975",1439,"3928, 7118, 3976",375,96
2026-07-21,Đắk Lắk,827745,29210,99080,"88300, 79975","35748, 24957, 15325, 60936, 79557, 37963, 65434",1860,"2781, 2176, 2629",521,07
2026-07-22,20/07/2026,586052,70119,61731,"53485, 17971","93853, 59479, 82490, 87766, 66631, 37210, 45549",9889,"2909, 5178, 9198",151,68
2026-07-22,Khánh Hòa,232147,41562,73353,"27325, 94665","42730, 71770, 98134, 14579, 09120, 16246, 27927",8528,"7349, 0203, 8432",407,93
2026-07-22,Phú Yên,666290,94304,96341,"77045, 86960","16750, 91387, 23795, 31792, 16834, 29221, 38083",5116,"2436, 0682, 7098",504,88
2026-07-22,Quảng Nam,330877,01592,84453,"15619, 18973","05558, 22536, 89219, 80435, 95426, 89548, 77975",1439,"3928, 7118, 3976",375,96
2026-07-22,Đà Nẵng,441239,47182,34187,"35517, 14371","92416, 17316, 10758, 59476, 95112, 95923, 11277",8936,"4582, 6567, 5437",499,02
2026-07-22,Đắk Lắk,827745,29210,99080,"88300, 79975","35748, 24957, 15325, 60936, 79557, 37963, 65434",1860,"2781, 2176, 2629",521,07
2026-07-23,Bình Định,009270,58993,00346,"16650, 50595","89176, 18205, 47536, 52340, 69934, 24202, 30837",1571,"9236, 8384, 9031",846,48
2026-07-23,Khánh Hòa,232147,41562,73353,"27325, 94665","42730, 71770, 98134, 14579, 09120, 16246, 27927",8528,"7349, 0203, 8432",407,93
2026-07-23,Quảng Bình,236912,78965,44265,"31678, 19516","84316, 35845, 08801, 62909, 89344, 74148, 50620",7841,"0164, 8723, 1507",463,53
2026-07-23,Quảng Nam,330877,01592,84453,"15619, 18973","05558, 22536, 89219, 80435, 95426, 89548, 77975",1439,"3928, 7118, 3976",375,96
2026-07-23,Quảng Trị,225759,64841,08010,"47388, 07663","44854, 11782, 15414, 01813, 42552, 85521, 57456",0750,"1253, 5352, 5266",834,21
2026-07-23,Đà Nẵng,441239,47182,34187,"35517, 14371","92416, 17316, 10758, 59476, 95112, 95923, 11277",8936,"4582, 6567, 5437",499,02
2026-07-23,Đắk Lắk,827745,29210,99080,"88300, 79975","35748, 24957, 15325, 60936, 79557, 37963, 65434",1860,"2781, 2176, 2629",521,07
2026-07-24,Bình Định,009270,58993,00346,"16650, 50595","89176, 18205, 47536, 52340, 69934, 24202, 30837",1571,"9236, 8384, 9031",846,48
2026-07-24,Gia Lai,435804,05630,81506,"00097, 43149","23480, 42715, 45253, 48499, 02729, 49915, 23676",1891,"5901, 5050, 0958",364,27
2026-07-24,Khánh Hòa,232147,41562,73353,"27325, 94665","42730, 71770, 98134, 14579, 09120, 16246, 27927",8528,"7349, 0203, 8432",407,93
2026-07-24,Ninh Thuận,334758,56005,98019,"54335, 33420","50704, 35971, 02509, 07937, 98425, 12200, 60918",7363,"8428, 1105, 7990",076,27
2026-07-24,Quảng Bình,236912,78965,44265,"31678, 19516","84316, 35845, 08801, 62909, 89344, 74148, 50620",7841,"0164, 8723, 1507",463,53
2026-07-24,Quảng Trị,225759,64841,08010,"47388, 07663","44854, 11782, 15414, 01813, 42552, 85521, 57456",0750,"1253, 5352, 5266",834,21
2026-07-24,Đà Nẵng,441239,47182,34187,"35517, 14371","92416, 17316, 10758, 59476, 95112, 95923, 11277",8936,"4582, 6567, 5437",499,02
2026-07-25,25/07/2026,334359,96799,36294,"25962, 54679","08707, 47493, 25504, 48748, 17234, 18719, 48721",0503,"3828, 0824, 0435",534,94
2026-07-25,Bình Định,009270,58993,00346,"16650, 50595","89176, 18205, 47536, 52340, 69934, 24202, 30837",1571,"9236, 8384, 9031",846,48
2026-07-25,Gia Lai,435804,05630,81506,"00097, 43149","23480, 42715, 45253, 48499, 02729, 49915, 23676",1891,"5901, 5050, 0958",364,27
2026-07-25,Ninh Thuận,334758,56005,98019,"54335, 33420","50704, 35971, 02509, 07937, 98425, 12200, 60918",7363,"8428, 1105, 7990",076,27
2026-07-25,Quảng Bình,236912,78965,44265,"31678, 19516","84316, 35845, 08801, 62909, 89344, 74148, 50620",7841,"0164, 8723, 1507",463,53
2026-07-25,Quảng Ngãi,026635,80768,99668,"49745, 65025","81349, 29504, 34750, 59496, 81164, 09114, 00379",4567,"7020, 1659, 1106",585,02
2026-07-25,Quảng Trị,225759,64841,08010,"47388, 07663","44854, 11782, 15414, 01813, 42552, 85521, 57456",0750,"1253, 5352, 5266",834,21
2026-07-25,Đà Nẵng,812405,28800,86203,"64789, 36028","44276, 41579, 85362, 53281, 02973, 93997, 77269",9470,"1948, 3291, 8024",054,18
2026-07-26,25/07/2026,334359,96799,36294,"25962, 54679","08707, 47493, 25504, 48748, 17234, 18719, 48721",0503,"3828, 0824, 0435",534,94
2026-07-26,26/07/2026,122781,22717,69093,"00793, 58001","52275, 95372, 43519, 06901, 78253, 86145, 99202",2047,"6919, 7434, 9793",424,94
2026-07-26,Gia Lai,435804,05630,81506,"00097, 43149","23480, 42715, 45253, 48499, 02729, 49915, 23676",1891,"5901, 5050, 0958",364,27
2026-07-26,Khánh Hòa,672739,06942,93302,"07613, 59525","10352, 60099, 86992, 68274, 36410, 59020, 56758",4481,"2022, 8596, 3262",038,38
2026-07-26,Kon Tum,734892,35414,06510,"01060, 90865","27026, 92127, 46016, 49011, 82848, 80068, 40628",6798,"5432, 4190, 5245",453,39
2026-07-26,Ninh Thuận,334758,56005,98019,"54335, 33420","50704, 35971, 02509, 07937, 98425, 12200, 60918",7363,"8428, 1105, 7990",076,27
2026-07-26,Quảng Ngãi,026635,80768,99668,"49745, 65025","81349, 29504, 34750, 59496, 81164, 09114, 00379",4567,"7020, 1659, 1106",585,02
2026-07-26,Đà Nẵng,812405,28800,86203,"64789, 36028","44276, 41579, 85362, 53281, 02973, 93997, 77269",9470,"1948, 3291, 8024",054,18
2026-07-27,25/07/2026,334359,96799,36294,"25962, 54679","08707, 47493, 25504, 48748, 17234, 18719, 48721",0503,"3828, 0824, 0435",534,94
2026-07-27,26/07/2026,122781,22717,69093,"00793, 58001","52275, 95372, 43519, 06901, 78253, 86145, 99202",2047,"6919, 7434, 9793",424,94
2026-07-27,27/07/2026,997718,53608,27004,"64250, 81458","28852, 34252, 08617, 09551, 03454, 58320, 91422",7228,"5093, 5691, 1252",873,51
2026-07-27,Khánh Hòa,672739,06942,93302,"07613, 59525","10352, 60099, 86992, 68274, 36410, 59020, 56758",4481,"2022, 8596, 3262",038,38
2026-07-27,Kon Tum,734892,35414,06510,"01060, 90865","27026, 92127, 46016, 49011, 82848, 80068, 40628",6798,"5432, 4190, 5245",453,39
2026-07-27,Phú Yên,728658,27100,40654,"40628, 68942","14774, 17281, 86117, 15775, 70432, 73738, 85334",8438,"5810, 2476, 4394",695,77
2026-07-27,Quảng Ngãi,026635,80768,99668,"49745, 65025","81349, 29504, 34750, 59496, 81164, 09114, 00379",4567,"7020, 1659, 1106",585,02
2026-07-27,Đà Nẵng,812405,28800,86203,"64789, 36028","44276, 41579, 85362, 53281, 02973, 93997, 77269",9470,"1948, 3291, 8024",054,18
2026-07-28,26/07/2026,122781,22717,69093,"00793, 58001","52275, 95372, 43519, 06901, 78253, 86145, 99202",2047,"6919, 7434, 9793",424,94
2026-07-28,27/07/2026,997718,53608,27004,"64250, 81458","28852, 34252, 08617, 09551, 03454, 58320, 91422",7228,"5093, 5691, 1252",873,51
2026-07-28,Khánh Hòa,672739,06942,93302,"07613, 59525","10352, 60099, 86992, 68274, 36410, 59020, 56758",4481,"2022, 8596, 3262",038,38
2026-07-28,Kon Tum,734892,35414,06510,"01060, 90865","27026, 92127, 46016, 49011, 82848, 80068, 40628",6798,"5432, 4190, 5245",453,39
2026-07-28,Phú Yên,728658,27100,40654,"40628, 68942","14774, 17281, 86117, 15775, 70432, 73738, 85334",8438,"5810, 2476, 4394",695,77
2026-07-28,Quảng Nam,568982,98755,31877,"03058, 84089","37843, 26328, 72697, 67745, 75661, 89483, 37366",3487,"0892, 6073, 4447",523,27
2026-07-28,Đắk Lắk,365050,42981,96693,"15349, 20256","02749, 44093, 58221, 32731, 25722, 65610, 39895",8313,"0299, 1693, 4447",530,81
2026-07-29,27/07/2026,997718,53608,27004,"64250, 81458","28852, 34252, 08617, 09551, 03454, 58320, 91422",7228,"5093, 5691, 1252",873,51
2026-07-29,Khánh Hòa,351055,41584,57507,"78950, 60248","89786, 21049, 75899, 49698, 10751, 86722, 85494",2425,"1667, 2482, 1583",936,98
2026-07-29,Phú Yên,728658,27100,40654,"40628, 68942","14774, 17281, 86117, 15775, 70432, 73738, 85334",8438,"5810, 2476, 4394",695,77
2026-07-29,Quảng Nam,568982,98755,31877,"03058, 84089","37843, 26328, 72697, 67745, 75661, 89483, 37366",3487,"0892, 6073, 4447",523,27
2026-07-29,Đà Nẵng,305740,89573,88132,"61735, 66084","14232, 91296, 99768, 48627, 04286, 66618, 72493",6680,"4217, 2413, 1524",164,58
2026-07-29,Đắk Lắk,365050,42981,96693,"15349, 20256","02749, 44093, 58221, 32731, 25722, 65610, 39895",8313,"0299, 1693, 4447",530,81
2026-07-30,Bình Định,803410,36519,51786,"56040, 98935","99834, 44872, 65993, 49142, 12671, 42755, 49921",5228,"1516, 3042, 4985",447,19
2026-07-30,Khánh Hòa,351055,41584,57507,"78950, 60248","89786, 21049, 75899, 49698, 10751, 86722, 85494",2425,"1667, 2482, 1583",936,98
2026-07-30,Quảng Bình,421281,21987,64811,"46251, 94681","57370, 61499, 46536, 50508, 87737, 29182, 63609",6239,"2137, 0108, 2089",530,28
2026-07-30,Quảng Nam,568982,98755,31877,"03058, 84089","37843, 26328, 72697, 67745, 75661, 89483, 37366",3487,"0892, 6073, 4447",523,27
2026-07-30,Quảng Trị,969293,97754,25818,"47291, 62989","92159, 05423, 04388, 13230, 31264, 85994, 89863",2513,"3062, 5122, 9259",425,78
2026-07-30,Đà Nẵng,305740,89573,88132,"61735, 66084","14232, 91296, 99768, 48627, 04286, 66618, 72493",6680,"4217, 2413, 1524",164,58
2026-07-30,Đắk Lắk,365050,42981,96693,"15349, 20256","02749, 44093, 58221, 32731, 25722, 65610, 39895",8313,"0299, 1693, 4447",530,81
2026-07-31,Bình Định,803410,36519,51786,"56040, 98935","99834, 44872, 65993, 49142, 12671, 42755, 49921",5228,"1516, 3042, 4985",447,19
2026-07-31,Gia Lai,988459,06738,68407,"08346, 04363","06651, 04952, 26185, 50300, 13439, 55765, 00078",3116,"5311, 8572, 2115",613,01
2026-07-31,Khánh Hòa,351055,41584,57507,"78950, 60248","89786, 21049, 75899, 49698, 10751, 86722, 85494",2425,"1667, 2482, 1583",936,98
2026-07-31,Ninh Thuận,509439,80490,20859,"52574, 57797","79611, 71561, 28599, 36247, 14347, 79034, 26959",4833,"3109, 1159, 9892",860,79
2026-07-31,Quảng Bình,421281,21987,64811,"46251, 94681","57370, 61499, 46536, 50508, 87737, 29182, 63609",6239,"2137, 0108, 2089",530,28
2026-07-31,Quảng Trị,969293,97754,25818,"47291, 62989","92159, 05423, 04388, 13230, 31264, 85994, 89863",2513,"3062, 5122, 9259",425,78
2026-07-31,Đà Nẵng,305740,89573,88132,"61735, 66084","14232, 91296, 99768, 48627, 04286, 66618, 72493",6680,"4217, 2413, 1524",164,58
2026-08-01,01/08/2026,581622,71293,54297,"73152, 20833","16273, 62287, 19657, 90560, 56216, 86032, 59340",0101,"7930, 5633, 9718",929,61
2026-08-01,Bình Định,803410,36519,51786,"56040, 98935","99834, 44872, 65993, 49142, 12671, 42755, 49921",5228,"1516, 3042, 4985",447,19
2026-08-01,Gia Lai,988459,06738,68407,"08346, 04363","06651, 04952, 26185, 50300, 13439, 55765, 00078",3116,"5311, 8572, 2115",613,01
2026-08-01,Ninh Thuận,509439,80490,20859,"52574, 57797","79611, 71561, 28599, 36247, 14347, 79034, 26959",4833,"3109, 1159, 9892",860,79
2026-08-01,Quảng Bình,421281,21987,64811,"46251, 94681","57370, 61499, 46536, 50508, 87737, 29182, 63609",6239,"2137, 0108, 2089",530,28
2026-08-01,Quảng Ngãi,820371,33100,08040,"02630, 68317","79761, 26502, 04398, 32236, 59679, 17128, 55090",7950,"7724, 6340, 5480",837,46
2026-08-01,Quảng Trị,969293,97754,25818,"47291, 62989","92159, 05423, 04388, 13230, 31264, 85994, 89863",2513,"3062, 5122, 9259",425,78
2026-08-01,Đà Nẵng,679999,09880,53147,"21408, 90948","34888, 47829, 18296, 66472, 14903, 32433, 84596",2257,"3629, 5438, 6712",736,51
2026-08-02,01/08/2026,581622,71293,54297,"73152, 20833","16273, 62287, 19657, 90560, 56216, 86032, 59340",0101,"7930, 5633, 9718",929,61
2026-08-02,02/08/2026,960809,12027,21197,"01744, 20654","95935, 88280, 47466, 72092, 14388, 61980, 45832",6391,"2138, 8947, 7818",571,21
2026-08-02,Gia Lai,988459,06738,68407,"08346, 04363","06651, 04952, 26185, 50300, 13439, 55765, 00078",3116,"5311, 8572, 2115",613,01
2026-08-02,Khánh Hòa,840173,16395,60120,"42440, 40451","79317, 07514, 90360, 77799, 20532, 36680, 39774",0949,"3324, 3262, 5569",721,64
2026-08-02,Kon Tum,375859,91360,89327,"26151, 84997","61260, 67872, 39637, 82893, 67083, 73176, 54169",1253,"8443, 6633, 6941",362,25
2026-08-02,Ninh Thuận,509439,80490,20859,"52574, 57797","79611, 71561, 28599, 36247, 14347, 79034, 26959",4833,"3109, 1159, 9892",860,79
2026-08-02,Quảng Ngãi,820371,33100,08040,"02630, 68317","79761, 26502, 04398, 32236, 59679, 17128, 55090",7950,"7724, 6340, 5480",837,46
2026-08-02,Đà Nẵng,679999,09880,53147,"21408, 90948","34888, 47829, 18296, 66472, 14903, 32433, 84596",2257,"3629, 5438, 6712",736,51
2026-08-03,01/08/2026,581622,71293,54297,"73152, 20833","16273, 62287, 19657, 90560, 56216, 86032, 59340",0101,"7930, 5633, 9718",929,61
2026-08-03,02/08/2026,960809,12027,21197,"01744, 20654","95935, 88280, 47466, 72092, 14388, 61980, 45832",6391,"2138, 8947, 7818",571,21
2026-08-03,03/08/2026,546731,81826,35299,"54605, 34475","45490, 71079, 97628, 36632, 37935, 19156, 01589",7985,"6997, 1368, 6326",632,04
2026-08-03,Khánh Hòa,840173,16395,60120,"42440, 40451","79317, 07514, 90360, 77799, 20532, 36680, 39774",0949,"3324, 3262, 5569",721,64
2026-08-03,Kon Tum,375859,91360,89327,"26151, 84997","61260, 67872, 39637, 82893, 67083, 73176, 54169",1253,"8443, 6633, 6941",362,25
2026-08-03,Phú Yên,021521,50215,34820,"01927, 68080","64306, 96576, 24185, 66418, 16181, 21328, 61961",0990,"1299, 6583, 2491",622,30
2026-08-03,Quảng Ngãi,820371,33100,08040,"02630, 68317","79761, 26502, 04398, 32236, 59679, 17128, 55090",7950,"7724, 6340, 5480",837,46
2026-08-03,Đà Nẵng,679999,09880,53147,"21408, 90948","34888, 47829, 18296, 66472, 14903, 32433, 84596",2257,"3629, 5438, 6712",736,51
2026-08-04,02/08/2026,960809,12027,21197,"01744, 20654","95935, 88280, 47466, 72092, 14388, 61980, 45832",6391,"2138, 8947, 7818",571,21
2026-08-04,03/08/2026,546731,81826,35299,"54605, 34475","45490, 71079, 97628, 36632, 37935, 19156, 01589",7985,"6997, 1368, 6326",632,04
2026-08-04,Khánh Hòa,840173,16395,60120,"42440, 40451","79317, 07514, 90360, 77799, 20532, 36680, 39774",0949,"3324, 3262, 5569",721,64
2026-08-04,Kon Tum,375859,91360,89327,"26151, 84997","61260, 67872, 39637, 82893, 67083, 73176, 54169",1253,"8443, 6633, 6941",362,25
2026-08-04,Phú Yên,021521,50215,34820,"01927, 68080","64306, 96576, 24185, 66418, 16181, 21328, 61961",0990,"1299, 6583, 2491",622,30
2026-08-04,Quảng Nam,774020,08071,12179,"09683, 29937","53352, 52163, 09280, 32700, 60016, 87932, 97194",2411,"5604, 4382, 4636",893,57
2026-08-04,Đắk Lắk,532482,36718,58525,"49004, 90056","79639, 73435, 54560, 26986, 69755, 80856, 81331",5554,"3494, 6183, 4276",380,46
2026-08-05,03/08/2026,546731,81826,35299,"54605, 34475","45490, 71079, 97628, 36632, 37935, 19156, 01589",7985,"6997, 1368, 6326",632,04
2026-08-05,Khánh Hòa,659414,27674,46176,"20480, 73676","60342, 49155, 66952, 29528, 61028, 40900, 33926",2008,"1704, 7745, 7258",266,95
2026-08-05,Phú Yên,021521,50215,34820,"01927, 68080","64306, 96576, 24185, 66418, 16181, 21328, 61961",0990,"1299, 6583, 2491",622,30
2026-08-05,Quảng Nam,774020,08071,12179,"09683, 29937","53352, 52163, 09280, 32700, 60016, 87932, 97194",2411,"5604, 4382, 4636",893,57
2026-08-05,Đà Nẵng,804092,34968,56651,"78533, 41741","04294, 18370, 82238, 83957, 75003, 90978, 94560",6432,"7844, 7260, 5180",706,62
2026-08-05,Đắk Lắk,532482,36718,58525,"49004, 90056","79639, 73435, 54560, 26986, 69755, 80856, 81331",5554,"3494, 6183, 4276",380,46
2026-08-06,Bình Định,577821,79552,75143,"37816, 34381","47143, 14157, 64631, 85139, 00101, 09638, 43518",6988,"0686, 9913, 3013",124,65
2026-08-06,Khánh Hòa,659414,27674,46176,"20480, 73676","60342, 49155, 66952, 29528, 61028, 40900, 33926",2008,"1704, 7745, 7258",266,95
2026-08-06,Quảng Bình,849416,14355,18313,"16740, 41829","38393, 11008, 35301, 61565, 56382, 14295, 55721",8469,"2073, 2836, 4114",924,61
2026-08-06,Quảng Nam,774020,08071,12179,"09683, 29937","53352, 52163, 09280, 32700, 60016, 87932, 97194",2411,"5604, 4382, 4636",893,57
2026-08-06,Quảng Trị,167105,35544,93617,"93196, 60992","44066, 98895, 34187, 38854, 82787, 93729, 73616",8577,"1298, 7740, 5274",858,03
2026-08-06,Đà Nẵng,804092,34968,56651,"78533, 41741","04294, 18370, 82238, 83957, 75003, 90978, 94560",6432,"7844, 7260, 5180",706,62
2026-08-06,Đắk Lắk,532482,36718,58525,"49004, 90056","79639, 73435, 54560, 26986, 69755, 80856, 81331",5554,"3494, 6183, 4276",380,46
2026-08-07,Bình Định,577821,79552,75143,"37816, 34381","47143, 14157, 64631, 85139, 00101, 09638, 43518",6988,"0686, 9913, 3013",124,65
2026-08-07,Gia Lai,300142,72019,53829,"03539, 53371","46133, 88474, 65309, 94223, 01320, 71257, 49886",4869,"6477, 7369, 6219",374,98
2026-08-07,Khánh Hòa,659414,27674,46176,"20480, 73676","60342, 49155, 66952, 29528, 61028, 40900, 33926",2008,"1704, 7745, 7258",266,95
2026-08-07,Ninh Thuận,598069,49893,21003,"70923, 40892","37028, 59747, 24425, 53505, 70996, 37359, 55504",4207,"2835, 9050, 4474",614,34
2026-08-07,Quảng Bình,849416,14355,18313,"16740, 41829","38393, 11008, 35301, 61565, 56382, 14295, 55721",8469,"2073, 2836, 4114",924,61
2026-08-07,Quảng Trị,167105,35544,93617,"93196, 60992","44066, 98895, 34187, 38854, 82787, 93729, 73616",8577,"1298, 7740, 5274",858,03
2026-08-07,Đà Nẵng,804092,34968,56651,"78533, 41741","04294, 18370, 82238, 83957, 75003, 90978, 94560",6432,"7844, 7260, 5180",706,62
2026-08-08,Bình Định,577821,79552,75143,"37816, 34381","47143, 14157, 64631, 85139, 00101, 09638, 43518",6988,"0686, 9913, 3013",124,65
2026-08-08,Gia Lai,300142,72019,53829,"03539, 53371","46133, 88474, 65309, 94223, 01320, 71257, 49886",4869,"6477, 7369, 6219",374,98
2026-08-08,Khánh Hòa,659414,27674,46176,"20480, 73676","60342, 49155, 66952, 29528, 61028, 40900, 33926",2008,"1704, 7745, 7258",266,95
2026-08-08,Ninh Thuận,598069,49893,21003,"70923, 40892","37028, 59747, 24425, 53505, 70996, 37359, 55504",4207,"2835, 9050, 4474",614,34
2026-08-08,Quảng Bình,849416,14355,18313,"16740, 41829","38393, 11008, 35301, 61565, 56382, 14295, 55721",8469,"2073, 2836, 4114",924,61
2026-08-08,Quảng Trị,167105,35544,93617,"93196, 60992","44066, 98895, 34187, 38854, 82787, 93729, 73616",8577,"1298, 7740, 5274",858,03
2026-08-08,Đà Nẵng,804092,34968,56651,"78533, 41741","04294, 18370, 82238, 83957, 75003, 90978, 94560",6432,"7844, 7260, 5180",706,62
2026-08-09,08/08/2026,476562,57323,42224,"74342, 14035","32282, 07661, 24664, 02956, 03536, 01802, 05248",0550,"2376, 7714, 8800",809,16
2026-08-09,Bình Định,577821,79552,75143,"37816, 34381","47143, 14157, 64631, 85139, 00101, 09638, 43518",6988,"0686, 9913, 3013",124,65
2026-08-09,Gia Lai,300142,72019,53829,"03539, 53371","46133, 88474, 65309, 94223, 01320, 71257, 49886",4869,"6477, 7369, 6219",374,98
2026-08-09,Ninh Thuận,598069,49893,21003,"70923, 40892","37028, 59747, 24425, 53505, 70996, 37359, 55504",4207,"2835, 9050, 4474",614,34
2026-08-09,Quảng Bình,849416,14355,18313,"16740, 41829","38393, 11008, 35301, 61565, 56382, 14295, 55721",8469,"2073, 2836, 4114",924,61
2026-08-09,Quảng Ngãi,404418,98155,12091,"91048, 75760","44990, 74850, 63660, 07248, 29127, 85247, 63554",7302,"7660, 8507, 9184",739,61
2026-08-09,Quảng Trị,167105,35544,93617,"93196, 60992","44066, 98895, 34187, 38854, 82787, 93729, 73616",8577,"1298, 7740, 5274",858,03
2026-08-09,Đà Nẵng,157130,16186,58314,"48689, 98145","33979, 93348, 45302, 43071, 47719, 35005, 47725",4641,"1757, 6202, 9320",267,49
2026-08-10,08/08/2026,476562,57323,42224,"74342, 14035","32282, 07661, 24664, 02956, 03536, 01802, 05248",0550,"2376, 7714, 8800",809,16
2026-08-10,09/08/2026,401374,31180,98504,"15847, 66556","94928, 50245, 75899, 61055, 72540, 89781, 65956",7580,"6397, 4086, 5951",555,20
2026-08-10,10/08/2026,356426,12160,12236,"58044, 72373","27827, 84823, 53125, 57135, 78477, 85023, 95468",5664,"1350, 9611, 3259",176,08
2026-08-10,Khánh Hòa,610030,67223,55622,"62787, 91361","79240, 37977, 05221, 39659, 31362, 43082, 58339",7914,"4655, 6444, 2746",158,82
2026-08-10,Kon Tum,257468,30088,37586,"70453, 08729","45732, 82665, 00543, 95650, 64597, 92859, 71668",1821,"9716, 0116, 0761",451,51
2026-08-10,Phú Yên,917771,76183,91194,"41297, 73909","90040, 45521, 92971, 48339, 56122, 42960, 11209",1403,"6812, 2627, 6504",219,37
2026-08-10,Quảng Ngãi,404418,98155,12091,"91048, 75760","44990, 74850, 63660, 07248, 29127, 85247, 63554",7302,"7660, 8507, 9184",739,61
2026-08-10,Đà Nẵng,157130,16186,58314,"48689, 98145","33979, 93348, 45302, 43071, 47719, 35005, 47725",4641,"1757, 6202, 9320",267,49
2026-08-11,09/08/2026,401374,31180,98504,"15847, 66556","94928, 50245, 75899, 61055, 72540, 89781, 65956",7580,"6397, 4086, 5951",555,20
2026-08-11,10/08/2026,356426,12160,12236,"58044, 72373","27827, 84823, 53125, 57135, 78477, 85023, 95468",5664,"1350, 9611, 3259",176,08
2026-08-11,Khánh Hòa,610030,67223,55622,"62787, 91361","79240, 37977, 05221, 39659, 31362, 43082, 58339",7914,"4655, 6444, 2746",158,82
2026-08-11,Kon Tum,257468,30088,37586,"70453, 08729","45732, 82665, 00543, 95650, 64597, 92859, 71668",1821,"9716, 0116, 0761",451,51
2026-08-11,Phú Yên,917771,76183,91194,"41297, 73909","90040, 45521, 92971, 48339, 56122, 42960, 11209",1403,"6812, 2627, 6504",219,37
2026-08-11,Quảng Nam,616054,65181,11788,"62431, 70994","29487, 10160, 80203, 62572, 72851, 24888, 91185",8878,"0071, 6499, 9663",182,52
2026-08-11,Đắk Lắk,090353,52814,72649,"11611, 85243","64043, 10752, 87208, 03827, 00930, 79717, 05285",8101,"0337, 2072, 5869",782,09
2026-08-12,10/08/2026,356426,12160,12236,"58044, 72373","27827, 84823, 53125, 57135, 78477, 85023, 95468",5664,"1350, 9611, 3259",176,08
2026-08-12,Khánh Hòa,053232,48012,55076,"96102, 75916","12335, 71405, 30931, 35288, 80849, 84689, 47702",6931,"4929, 8265, 0425",094,54
2026-08-12,Phú Yên,917771,76183,91194,"41297, 73909","90040, 45521, 92971, 48339, 56122, 42960, 11209",1403,"6812, 2627, 6504",219,37
2026-08-12,Quảng Nam,616054,65181,11788,"62431, 70994","29487, 10160, 80203, 62572, 72851, 24888, 91185",8878,"0071, 6499, 9663",182,52
2026-08-12,Đà Nẵng,637456,57872,13663,"37076, 31418","34082, 79981, 32233, 82963, 50046, 90615, 93099",3898,"4452, 6288, 3635",200,86
2026-08-12,Đắk Lắk,090353,52814,72649,"11611, 85243","64043, 10752, 87208, 03827, 00930, 79717, 05285",8101,"0337, 2072, 5869",782,09
2026-08-13,Bình Định,120731,23204,40556,"09586, 13916","14642, 19390, 11275, 04178, 15072, 73705, 70681",2797,"9927, 6332, 6223",034,36
2026-08-13,Khánh Hòa,053232,48012,55076,"96102, 75916","12335, 71405, 30931, 35288, 80849, 84689, 47702",6931,"4929, 8265, 0425",094,54
2026-08-13,Quảng Bình,539203,60530,74496,"44632, 07426","86597, 58229, 73610, 72612, 11054, 85951, 26023",1781,"2747, 9262, 2818",832,76
2026-08-13,Quảng Nam,616054,65181,11788,"62431, 70994","29487, 10160, 80203, 62572, 72851, 24888, 91185",8878,"0071, 6499, 9663",182,52
2026-08-13,Quảng Trị,618714,98010,97405,"74753, 50453","49627, 65039, 35655, 01698, 70845, 84078, 94188",6425,"2135, 1762, 1482",194,97
2026-08-13,Đà Nẵng,637456,57872,13663,"37076, 31418","34082, 79981, 32233, 82963, 50046, 90615, 93099",3898,"4452, 6288, 3635",200,86
2026-08-13,Đắk Lắk,090353,52814,72649,"11611, 85243","64043, 10752, 87208, 03827, 00930, 79717, 05285",8101,"0337, 2072, 5869",782,09
2026-08-14,Bình Định,120731,23204,40556,"09586, 13916","14642, 19390, 11275, 04178, 15072, 73705, 70681",2797,"9927, 6332, 6223",034,36
2026-08-14,Gia Lai,284832,36532,09561,"83427, 02110","67044, 27066, 13839, 76280, 95007, 36612, 60550",7511,"2313, 8297, 3392",769,86
2026-08-14,Khánh Hòa,053232,48012,55076,"96102, 75916","12335, 71405, 30931, 35288, 80849, 84689, 47702",6931,"4929, 8265, 0425",094,54
2026-08-14,Ninh Thuận,601011,57532,65769,"55531, 16443","87147, 96736, 54443, 05861, 92817, 06463, 95181",0291,"5000, 4704, 2198",513,24
2026-08-14,Quảng Bình,539203,60530,74496,"44632, 07426","86597, 58229, 73610, 72612, 11054, 85951, 26023",1781,"2747, 9262, 2818",832,76
2026-08-14,Quảng Trị,618714,98010,97405,"74753, 50453","49627, 65039, 35655, 01698, 70845, 84078, 94188",6425,"2135, 1762, 1482",194,97
2026-08-14,Đà Nẵng,637456,57872,13663,"37076, 31418","34082, 79981, 32233, 82963, 50046, 90615, 93099",3898,"4452, 6288, 3635",200,86
2026-08-15,Bình Định,120731,23204,40556,"09586, 13916","14642, 19390, 11275, 04178, 15072, 73705, 70681",2797,"9927, 6332, 6223",034,36
2026-08-15,Gia Lai,284832,36532,09561,"83427, 02110","67044, 27066, 13839, 76280, 95007, 36612, 60550",7511,"2313, 8297, 3392",769,86
2026-08-15,Khánh Hòa,053232,48012,55076,"96102, 75916","12335, 71405, 30931, 35288, 80849, 84689, 47702",6931,"4929, 8265, 0425",094,54
2026-08-15,Ninh Thuận,601011,57532,65769,"55531, 16443","87147, 96736, 54443, 05861, 92817, 06463, 95181",0291,"5000, 4704, 2198",513,24
2026-08-15,Quảng Bình,539203,60530,74496,"44632, 07426","86597, 58229, 73610, 72612, 11054, 85951, 26023",1781,"2747, 9262, 2818",832,76
2026-08-15,Quảng Trị,618714,98010,97405,"74753, 50453","49627, 65039, 35655, 01698, 70845, 84078, 94188",6425,"2135, 1762, 1482",194,97
2026-08-15,Đà Nẵng,637456,57872,13663,"37076, 31418","34082, 79981, 32233, 82963, 50046, 90615, 93099",3898,"4452, 6288, 3635",200,86
2026-08-16,15/08/2026,237058,25319,70695,"15481, 51469","71970, 70443, 78241, 59140, 63246, 75929, 79583",6810,"1677, 3710, 5801",759,17
2026-08-16,Bình Định,120731,23204,40556,"09586, 13916","14642, 19390, 11275, 04178, 15072, 73705, 70681",2797,"9927, 6332, 6223",034,36
2026-08-16,Gia Lai,284832,36532,09561,"83427, 02110","67044, 27066, 13839, 76280, 95007, 36612, 60550",7511,"2313, 8297, 3392",769,86
2026-08-16,Ninh Thuận,601011,57532,65769,"55531, 16443","87147, 96736, 54443, 05861, 92817, 06463, 95181",0291,"5000, 4704, 2198",513,24
2026-08-16,Quảng Bình,539203,60530,74496,"44632, 07426","86597, 58229, 73610, 72612, 11054, 85951, 26023",1781,"2747, 9262, 2818",832,76
2026-08-16,Quảng Ngãi,437898,50975,95143,"60441, 15725","50864, 04431, 81444, 15018, 53333, 85635, 37036",2433,"0710, 3999, 6731",642,92
2026-08-16,Quảng Trị,618714,98010,97405,"74753, 50453","49627, 65039, 35655, 01698, 70845, 84078, 94188",6425,"2135, 1762, 1482",194,97
2026-08-16,Đà Nẵng,347452,32444,46295,"42143, 78695","42596, 45067, 54460, 28137, 63284, 28976, 31265",7106,"5936, 3877, 4428",277,28
2026-08-17,15/08/2026,237058,25319,70695,"15481, 51469","71970, 70443, 78241, 59140, 63246, 75929, 79583",6810,"1677, 3710, 5801",759,17
2026-08-17,16/08/2026,023464,83943,84898,"74856, 78473","62988, 72724, 90785, 95983, 75891, 58787, 13508",9945,"4596, 0723, 3482",106,96
2026-08-17,Gia Lai,284832,36532,09561,"83427, 02110","67044, 27066, 13839, 76280, 95007, 36612, 60550",7511,"2313, 8297, 3392",769,86
2026-08-17,Khánh Hòa,685303,02314,48343,"44080, 31645","95216, 23398, 91377, 50636, 92931, 99601, 40949",8888,"5108, 9119, 2854",973,86
2026-08-17,Kon Tum,128077,12135,61800,"68303, 73312","54398, 79151, 70522, 62996, 29156, 16124, 93412",4405,"9560, 5733, 6137",791,00
2026-08-17,Ninh Thuận,601011,57532,65769,"55531, 16443","87147, 96736, 54443, 05861, 92817, 06463, 95181",0291,"5000, 4704, 2198",513,24
2026-08-17,Quảng Ngãi,437898,50975,95143,"60441, 15725","50864, 04431, 81444, 15018, 53333, 85635, 37036",2433,"0710, 3999, 6731",642,92
2026-08-17,Đà Nẵng,347452,32444,46295,"42143, 78695","42596, 45067, 54460, 28137, 63284, 28976, 31265",7106,"5936, 3877, 4428",277,28
2026-08-18,15/08/2026,237058,25319,70695,"15481, 51469","71970, 70443, 78241, 59140, 63246, 75929, 79583",6810,"1677, 3710, 5801",759,17
2026-08-18,16/08/2026,023464,83943,84898,"74856, 78473","62988, 72724, 90785, 95983, 75891, 58787, 13508",9945,"4596, 0723, 3482",106,96
2026-08-18,17/08/2026,829055,71504,92664,"08747, 26307","16837, 91128, 81224, 93012, 14244, 88548, 67880",2155,"5883, 2802, 0755",425,64
2026-08-18,Khánh Hòa,685303,02314,48343,"44080, 31645","95216, 23398, 91377, 50636, 92931, 99601, 40949",8888,"5108, 9119, 2854",973,86
2026-08-18,Kon Tum,128077,12135,61800,"68303, 73312","54398, 79151, 70522, 62996, 29156, 16124, 93412",4405,"9560, 5733, 6137",791,00
2026-08-18,Phú Yên,683471,68967,79625,"56944, 37659","59092, 66876, 72781, 63605, 36836, 25241, 74799",2043,"3606, 1566, 7885",529,51
2026-08-18,Quảng Ngãi,437898,50975,95143,"60441, 15725","50864, 04431, 81444, 15018, 53333, 85635, 37036",2433,"0710, 3999, 6731",642,92
2026-08-18,Đà Nẵng,347452,32444,46295,"42143, 78695","42596, 45067, 54460, 28137, 63284, 28976, 31265",7106,"5936, 3877, 4428",277,28
2026-08-19,16/08/2026,023464,83943,84898,"74856, 78473","62988, 72724, 90785, 95983, 75891, 58787, 13508",9945,"4596, 0723, 3482",106,96
2026-08-19,17/08/2026,829055,71504,92664,"08747, 26307","16837, 91128, 81224, 93012, 14244, 88548, 67880",2155,"5883, 2802, 0755",425,64
2026-08-19,Khánh Hòa,685303,02314,48343,"44080, 31645","95216, 23398, 91377, 50636, 92931, 99601, 40949",8888,"5108, 9119, 2854",973,86
2026-08-19,Kon Tum,128077,12135,61800,"68303, 73312","54398, 79151, 70522, 62996, 29156, 16124, 93412",4405,"9560, 5733, 6137",791,00
2026-08-19,Phú Yên,683471,68967,79625,"56944, 37659","59092, 66876, 72781, 63605, 36836, 25241, 74799",2043,"3606, 1566, 7885",529,51
2026-08-19,Quảng Nam,908977,26867,03217,"25975, 67093","28608, 22663, 69840, 87473, 09037, 99232, 11503",9045,"4750, 2482, 6797",833,23
2026-08-19,Đắk Lắk,528380,43091,74115,"63540, 84849","46582, 89906, 14267, 08593, 75873, 81509, 81850",1153,"1093, 5590, 9551",652,02
2026-08-20,17/08/2026,829055,71504,92664,"08747, 26307","16837, 91128, 81224, 93012, 14244, 88548, 67880",2155,"5883, 2802, 0755",425,64
2026-08-20,Khánh Hòa,167249,10559,60622,"09943, 35933","49719, 42269, 35555, 19769, 86416, 42497, 21332",0848,"8108, 7489, 8764",929,27
2026-08-20,Phú Yên,683471,68967,79625,"56944, 37659","59092, 66876, 72781, 63605, 36836, 25241, 74799",2043,"3606, 1566, 7885",529,51
2026-08-20,Quảng Nam,908977,26867,03217,"25975, 67093","28608, 22663, 69840, 87473, 09037, 99232, 11503",9045,"4750, 2482, 6797",833,23
2026-08-20,Đà Nẵng,624308,94170,33212,"75959, 05244","04988, 31741, 98955, 15111, 50515, 90363, 53923",3582,"1568, 3622, 7908",864,97
2026-08-20,Đắk Lắk,528380,43091,74115,"63540, 84849","46582, 89906, 14267, 08593, 75873, 81509, 81850",1153,"1093, 5590, 9551",652,02
2026-08-21,Bình Định,607848,54980,04650,"07498, 21798","21310, 83229, 94035, 57465, 62083, 40457, 88024",0854,"6715, 7742, 6604",793,69
2026-08-21,Khánh Hòa,167249,10559,60622,"09943, 35933","49719, 42269, 35555, 19769, 86416, 42497, 21332",0848,"8108, 7489, 8764",929,27
2026-08-21,Quảng Bình,028821,48917,62029,"83935, 55858","65772, 21747, 27004, 62193, 35221, 00034, 42722",7873,"9903, 0690, 9329",456,99
2026-08-21,Quảng Nam,908977,26867,03217,"25975, 67093","28608, 22663, 69840, 87473, 09037, 99232, 11503",9045,"4750, 2482, 6797",833,23
2026-08-21,Quảng Trị,560658,92090,74859,"95938, 07625","89620, 80257, 76428, 03531, 47367, 75567, 60247",4080,"4761, 9258, 3032",756,16
2026-08-21,Đà Nẵng,624308,94170,33212,"75959, 05244","04988, 31741, 98955, 15111, 50515, 90363, 53923",3582,"1568, 3622, 7908",864,97
2026-08-21,Đắk Lắk,528380,43091,74115,"63540, 84849","46582, 89906, 14267, 08593, 75873, 81509, 81850",1153,"1093, 5590, 9551",652,02
2026-08-22,Bình Định,607848,54980,04650,"07498, 21798","21310, 83229, 94035, 57465, 62083, 40457, 88024",0854,"6715, 7742, 6604",793,69
2026-08-22,Gia Lai,996587,09847,47811,"03671, 92783","87979, 88725, 46194, 30754, 58934, 22504, 40778",5790,"1510, 5994, 1817",475,28
2026-08-22,Khánh Hòa,167249,10559,60622,"09943, 35933","49719, 42269, 35555, 19769, 86416, 42497, 21332",0848,"8108, 7489, 8764",929,27
2026-08-22,Ninh Thuận,621899,49828,52158,"76572, 50305","56053, 49743, 49830, 41511, 60329, 05213, 66442",9035,"4307, 9217, 9873",240,60
2026-08-22,Quảng Bình,028821,48917,62029,"83935, 55858","65772, 21747, 27004, 62193, 35221, 00034, 42722",7873,"9903, 0690, 9329",456,99
2026-08-22,Quảng Trị,560658,92090,74859,"95938, 07625","89620, 80257, 76428, 03531, 47367, 75567, 60247",4080,"4761, 9258, 3032",756,16
2026-08-22,Đà Nẵng,624308,94170,33212,"75959, 05244","04988, 31741, 98955, 15111, 50515, 90363, 53923",3582,"1568, 3622, 7908",864,97
2026-08-23,22/08/2026,117666,82713,95342,"65199, 86807","28153, 10687, 95338, 75853, 54576, 08549, 22909",0176,"5775, 8326, 4615",215,15
2026-08-23,Bình Định,607848,54980,04650,"07498, 21798","21310, 83229, 94035, 57465, 62083, 40457, 88024",0854,"6715, 7742, 6604",793,69
2026-08-23,Gia Lai,996587,09847,47811,"03671, 92783","87979, 88725, 46194, 30754, 58934, 22504, 40778",5790,"1510, 5994, 1817",475,28
2026-08-23,Ninh Thuận,621899,49828,52158,"76572, 50305","56053, 49743, 49830, 41511, 60329, 05213, 66442",9035,"4307, 9217, 9873",240,60
2026-08-23,Quảng Bình,028821,48917,62029,"83935, 55858","65772, 21747, 27004, 62193, 35221, 00034, 42722",7873,"9903, 0690, 9329",456,99
2026-08-23,Quảng Ngãi,689177,06322,57247,"92461, 71964","80926, 61970, 86596, 54117, 07981, 70249, 61772",5013,"6762, 2466, 3452",593,11
2026-08-23,Quảng Trị,560658,92090,74859,"95938, 07625","89620, 80257, 76428, 03531, 47367, 75567, 60247",4080,"4761, 9258, 3032",756,16
2026-08-23,Đà Nẵng,863899,25266,04052,"78638, 03374","10420, 61101, 22062, 63853, 14198, 11481, 97223",2616,"5442, 7372, 0665",620,57
2026-08-24,22/08/2026,117666,82713,95342,"65199, 86807","28153, 10687, 95338, 75853, 54576, 08549, 22909",0176,"5775, 8326, 4615",215,15
2026-08-24,23/08/2026,753874,08518,87173,"15971, 92282","14115, 34993, 16780, 22729, 86387, 13624, 86832",6833,"2641, 8506, 7806",971,29
2026-08-24,Gia Lai,996587,09847,47811,"03671, 92783","87979, 88725, 46194, 30754, 58934, 22504, 40778",5790,"1510, 5994, 1817",475,28
2026-08-24,Khánh Hòa,050049,34133,56719,"70794, 03891","59268, 40203, 89413, 71465, 55962, 00223, 07540",3650,"7942, 8163, 6039",772,79
2026-08-24,Kon Tum,755884,36170,51649,"79072, 01699","37742, 64718, 83401, 59351, 53736, 72071, 40141",8922,"7017, 0487, 7867",644,68
2026-08-24,Ninh Thuận,621899,49828,52158,"76572, 50305","56053, 49743, 49830, 41511, 60329, 05213, 66442",9035,"4307, 9217, 9873",240,60
2026-08-24,Quảng Ngãi,689177,06322,57247,"92461, 71964","80926, 61970, 86596, 54117, 07981, 70249, 61772",5013,"6762, 2466, 3452",593,11
2026-08-24,Đà Nẵng,863899,25266,04052,"78638, 03374","10420, 61101, 22062, 63853, 14198, 11481, 97223",2616,"5442, 7372, 0665",620,57
2026-08-25,22/08/2026,117666,82713,95342,"65199, 86807","28153, 10687, 95338, 75853, 54576, 08549, 22909",0176,"5775, 8326, 4615",215,15
2026-08-25,23/08/2026,753874,08518,87173,"15971, 92282","14115, 34993, 16780, 22729, 86387, 13624, 86832",6833,"2641, 8506, 7806",971,29
2026-08-25,24/08/2026,201541,21305,98039,"01515, 68234","67416, 64540, 73899, 92553, 27703, 18505, 34388",1656,"5186, 6494, 7825",252,76
2026-08-25,Khánh Hòa,050049,34133,56719,"70794, 03891","59268, 40203, 89413, 71465, 55962, 00223, 07540",3650,"7942, 8163, 6039",772,79
2026-08-25,Kon Tum,755884,36170,51649,"79072, 01699","37742, 64718, 83401, 59351, 53736, 72071, 40141",8922,"7017, 0487, 7867",644,68
2026-08-25,Phú Yên,341041,26351,37481,"40205, 34923","71924, 20805, 43048, 64218, 05896, 10907, 73293",7970,"6085, 2604, 2600",267,56
2026-08-25,Quảng Ngãi,689177,06322,57247,"92461, 71964","80926, 61970, 86596, 54117, 07981, 70249, 61772",5013,"6762, 2466, 3452",593,11
2026-08-25,Đà Nẵng,863899,25266,04052,"78638, 03374","10420, 61101, 22062, 63853, 14198, 11481, 97223",2616,"5442, 7372, 0665",620,57
2026-08-26,23/08/2026,753874,08518,87173,"15971, 92282","14115, 34993, 16780, 22729, 86387, 13624, 86832",6833,"2641, 8506, 7806",971,29
2026-08-26,24/08/2026,201541,21305,98039,"01515, 68234","67416, 64540, 73899, 92553, 27703, 18505, 34388",1656,"5186, 6494, 7825",252,76
2026-08-26,Khánh Hòa,050049,34133,56719,"70794, 03891","59268, 40203, 89413, 71465, 55962, 00223, 07540",3650,"7942, 8163, 6039",772,79
2026-08-26,Kon Tum,755884,36170,51649,"79072, 01699","37742, 64718, 83401, 59351, 53736, 72071, 40141",8922,"7017, 0487, 7867",644,68
2026-08-26,Phú Yên,341041,26351,37481,"40205, 34923","71924, 20805, 43048, 64218, 05896, 10907, 73293",7970,"6085, 2604, 2600",267,56
2026-08-26,Quảng Nam,028910,90945,45777,"52997, 92999","77636, 64136, 09340, 47341, 05416, 72757, 88412",2387,"2338, 8753, 4261",213,17
2026-08-26,Đắk Lắk,601875,62096,29900,"39619, 87030","06833, 82677, 05715, 28768, 48618, 87240, 59188",5871,"2215, 9173, 9700",696,70
2026-08-27,Bình Định,360164,55107,53359,"58345, 91748","70393, 44065, 60457, 31369, 53334, 08435, 67246",9829,"7693, 7201, 5509",313,14
2026-08-27,Khánh Hòa,580986,56061,14473,"47502, 48310","93780, 65963, 47098, 41865, 84040, 91578, 21538",6850,"1770, 3980, 4697",621,77
2026-08-27,Quảng Bình,217665,11451,93703,"41530, 08324","55512, 21208, 48010, 87253, 47446, 05654, 13068",8756,"1976, 7783, 0209",694,43
2026-08-27,Quảng Nam,028910,90945,45777,"52997, 92999","77636, 64136, 09340, 47341, 05416, 72757, 88412",2387,"2338, 8753, 4261",213,17
2026-08-27,Quảng Trị,527979,63740,66725,"20457, 52495","26699, 24754, 72238, 62998, 51539, 68276, 39510",3874,"6657, 6105, 3424",995,46
2026-08-27,Đà Nẵng,974228,14204,50272,"59981, 81212","84316, 84826, 10011, 26131, 97482, 17823, 46167",2223,"2299, 2148, 4112",966,35
2026-08-27,Đắk Lắk,601875,62096,29900,"39619, 87030","06833, 82677, 05715, 28768, 48618, 87240, 59188",5871,"2215, 9173, 9700",696,70
2026-08-28,Bình Định,360164,55107,53359,"58345, 91748","70393, 44065, 60457, 31369, 53334, 08435, 67246",9829,"7693, 7201, 5509",313,14
2026-08-28,Gia Lai,922664,35376,88503,"63784, 17181","33152, 76541, 86388, 09762, 96615, 05477, 24685",7038,"8154, 9967, 2479",699,68
2026-08-28,Khánh Hòa,580986,56061,14473,"47502, 48310","93780, 65963, 47098, 41865, 84040, 91578, 21538",6850,"1770, 3980, 4697",621,77
2026-08-28,Ninh Thuận,218112,61653,09939,"36585, 62072","30941, 89267, 35101, 29466, 61075, 06108, 81979",0478,"6564, 1632, 9206",862,72
2026-08-28,Quảng Bình,217665,11451,93703,"41530, 08324","55512, 21208, 48010, 87253, 47446, 05654, 13068",8756,"1976, 7783, 0209",694,43
2026-08-28,Quảng Trị,527979,63740,66725,"20457, 52495","26699, 24754, 72238, 62998, 51539, 68276, 39510",3874,"6657, 6105, 3424",995,46
2026-08-28,Đà Nẵng,974228,14204,50272,"59981, 81212","84316, 84826, 10011, 26131, 97482, 17823, 46167",2223,"2299, 2148, 4112",966,35
2026-08-29,29/08/2026,755695,60505,86095,"74864, 79043","05969, 39052, 61478, 74118, 55362, 13376, 05720",3248,"4332, 0261, 7575",046,34
2026-08-29,Bình Định,360164,55107,53359,"58345, 91748","70393, 44065, 60457, 31369, 53334, 08435, 67246",9829,"7693, 7201, 5509",313,14
2026-08-29,Gia Lai,922664,35376,88503,"63784, 17181","33152, 76541, 86388, 09762, 96615, 05477, 24685",7038,"8154, 9967, 2479",699,68
2026-08-29,Ninh Thuận,218112,61653,09939,"36585, 62072","30941, 89267, 35101, 29466, 61075, 06108, 81979",0478,"6564, 1632, 9206",862,72
2026-08-29,Quảng Bình,217665,11451,93703,"41530, 08324","55512, 21208, 48010, 87253, 47446, 05654, 13068",8756,"1976, 7783, 0209",694,43
2026-08-29,Quảng Ngãi,813621,31212,33785,"47881, 97957","53012, 89608, 13256, 90944, 23552, 92842, 68756",5996,"4847, 7585, 7600",462,35
2026-08-29,Quảng Trị,527979,63740,66725,"20457, 52495","26699, 24754, 72238, 62998, 51539, 68276, 39510",3874,"6657, 6105, 3424",995,46
2026-08-29,Đà Nẵng,718134,43117,44766,"29740, 98853","80096, 16722, 74822, 20599, 24132, 65454, 07362",0394,"8598, 2901, 7846",213,14
2026-08-30,29/08/2026,755695,60505,86095,"74864, 79043","05969, 39052, 61478, 74118, 55362, 13376, 05720",3248,"4332, 0261, 7575",046,34
2026-08-30,30/08/2026,036995,54248,61970,"87153, 55572","08593, 50610, 45025, 39220, 18114, 26867, 05263",8944,"3463, 4702, 1616",273,39
2026-08-30,Gia Lai,922664,35376,88503,"63784, 17181","33152, 76541, 86388, 09762, 96615, 05477, 24685",7038,"8154, 9967, 2479",699,68
2026-08-30,Khánh Hòa,574100,64832,36080,"25491, 93002","41879, 09959, 85223, 06017, 84354, 58584, 81179",5216,"6067, 7978, 7218",063,24
2026-08-30,Kon Tum,867313,18872,08649,"33200, 20995","59555, 69936, 30489, 70738, 51064, 08155, 55173",7320,"8561, 2557, 1297",086,08
2026-08-30,Ninh Thuận,218112,61653,09939,"36585, 62072","30941, 89267, 35101, 29466, 61075, 06108, 81979",0478,"6564, 1632, 9206",862,72
2026-08-30,Quảng Ngãi,813621,31212,33785,"47881, 97957","53012, 89608, 13256, 90944, 23552, 92842, 68756",5996,"4847, 7585, 7600",462,35
2026-08-30,Đà Nẵng,718134,43117,44766,"29740, 98853","80096, 16722, 74822, 20599, 24132, 65454, 07362",0394,"8598, 2901, 7846",213,14
2026-08-31,29/08/2026,755695,60505,86095,"74864, 79043","05969, 39052, 61478, 74118, 55362, 13376, 05720",3248,"4332, 0261, 7575",046,34
2026-08-31,30/08/2026,036995,54248,61970,"87153, 55572","08593, 50610, 45025, 39220, 18114, 26867, 05263",8944,"3463, 4702, 1616",273,39
2026-08-31,31/08/2026,616814,69172,33140,"69178, 83885","28539, 32978, 83459, 36360, 49928, 34381, 31694",0606,"2795, 7931, 0655",507,96
2026-08-31,Khánh Hòa,574100,64832,36080,"25491, 93002","41879, 09959, 85223, 06017, 84354, 58584, 81179",5216,"6067, 7978, 7218",063,24
2026-08-31,Kon Tum,867313,18872,08649,"33200, 20995","59555, 69936, 30489, 70738, 51064, 08155, 55173",7320,"8561, 2557, 1297",086,08
2026-08-31,Phú Yên,342609,81505,50811,"22837, 38481","85789, 93792, 51450, 37719, 07609, 92709, 62869",9267,"6272, 4853, 0247",062,90
2026-08-31,Quảng Ngãi,813621,31212,33785,"47881, 97957","53012, 89608, 13256, 90944, 23552, 92842, 68756",5996,"4847, 7585, 7600",462,35
2026-08-31,Đà Nẵng,718134,43117,44766,"29740, 98853","80096, 16722, 74822, 20599, 24132, 65454, 07362",0394,"8598, 2901, 7846",213,14
